question,answer,department
How often is the company policy reviewed and updated?,The company policy is reviewed annually and updated as necessary to ensure ongoing compliance with applicable laws and best practices.,general
Will I be informed if there are major changes to the company policy?,"Yes, employees will be notified of any significant changes to the company policy.",general
Why does the company review its policy every year?,The company reviews its policy annually to ensure it remains compliant with current laws and reflects best practices in the industry.,general
What happens if the laws change before the annual policy review?,"If applicable laws change before the scheduled annual review, the policy may be updated as necessary to maintain compliance.",general
How will employees be notified about significant policy changes?,"Employees will be notified of significant policy changes through official company communication channels, such as email or internal announcements.",general
Are minor policy updates also communicated to employees?,"While significant changes are always communicated, minor updates may not be individually announced but will be reflected in the updated policy document.",general
Can employees provide feedback on policy updates?,"Yes, employees are often encouraged to provide feedback on policy updates, which can help ensure the policy remains effective and relevant.",general
Who should I contact if I have questions about the Anti-Bribery and Anti-Corruption Policy?,"If you have any questions or need further clarification regarding the Anti-Bribery and Anti-Corruption Policy, you should contact the Compliance Team. You can reach them at the designated HR or compliance email address provided by your organization.",conduct
What is the purpose of the Compliance Team in relation to the Anti-Bribery and Anti-Corruption Policy?,"The Compliance Team is responsible for overseeing the implementation and enforcement of the Anti-Bribery and Anti-Corruption Policy. They provide guidance, answer questions, and ensure that all employees understand and adhere to the policy's requirements.",conduct
How can I reach the Compliance Team for policy-related questions?,You can reach the Compliance Team by sending an email to the HR or compliance email address specified by your organization. This contact information is typically provided in the policy document or on the company intranet.,compliance
Is it mandatory to contact the Compliance Team if I suspect a violation of the Anti-Bribery and Anti-Corruption Policy?,"Yes, it is generally mandatory to report any suspected violations of the Anti-Bribery and Anti-Corruption Policy to the Compliance Team. Prompt reporting helps the organization address potential issues and maintain compliance with legal and ethical standards.",compliance
What kind of questions can I ask the Compliance Team regarding the Anti-Bribery and Anti-Corruption Policy?,"You can ask the Compliance Team any questions related to the interpretation, application, or requirements of the Anti-Bribery and Anti-Corruption Policy. This includes seeking clarification on acceptable practices, reporting procedures, or guidance on specific scenarios.",compliance
Will my inquiry to the Compliance Team about the Anti-Bribery and Anti-Corruption Policy be kept confidential?,"Yes, inquiries and reports made to the Compliance Team regarding the Anti-Bribery and Anti-Corruption Policy are typically handled confidentially. The organization aims to protect the identity of individuals who raise concerns, to the extent possible and permitted by law.",compliance
What should I do if I am unsure whether a situation violates the Anti-Bribery and Anti-Corruption Policy?,"If you are unsure whether a situation may violate the Anti-Bribery and Anti-Corruption Policy, you should contact the Compliance Team for guidance. They can help you assess the situation and provide advice on the appropriate course of action.",conduct
What does 'End of Policy Document' mean in a document?,'End of Policy Document' is a phrase typically used to indicate that the content of the policy has concluded and there are no further sections or provisions beyond this point.,general
Why do some documents include 'End of Policy Document' at the end?,"Including 'End of Policy Document' at the end of a document helps clarify that the official content is complete, preventing confusion about whether additional pages or sections are missing.",general
Is 'End of Policy Document' a legal requirement?,"'End of Policy Document' is not generally a legal requirement, but it is a common practice in formal documents to clearly mark the conclusion of the text.",general
Can 'End of Policy Document' be used in digital documents as well as printed ones?,"Yes, 'End of Policy Document' can be used in both digital and printed documents to indicate the end of the policy content.",general
What are some alternatives to writing 'End of Policy Document' at the end of a policy?,"Alternatives include phrases like 'End of Document,' 'End of Policy,' or simply leaving a blank space after the last section, though explicit statements are clearer.",general
Does the presence of 'End of Policy Document' affect the validity of the policy?,The presence or absence of 'End of Policy Document' does not affect the legal validity of the policy. It is mainly for clarity and document management.,general
"If a policy document is updated, should 'End of Policy Document' be moved to the new end?","Yes, if a policy document is updated with new sections or amendments, the 'End of Policy Document' marker should be placed at the new conclusion to accurately reflect the end of the content.",general
What is the policy for availing compensatory off in our company?,"Compensatory off should be availed within 60 days from the date it is accrued. The request for compensatory off must be approved by your reporting manager and should not impact project deliverables. Unused compensatory off will not be carried forward beyond the 60-day period, and employees cannot encash compensatory off.",leave
Can I carry forward my unused compensatory off to the next period?,"No, unused compensatory off cannot be carried forward beyond the stipulated 60-day period from the date of accrual.",leave
Is it possible to encash my compensatory off if I don't use it?,"No, employees cannot encash compensatory off. It must be availed within the specified period or it will lapse.",leave
Who needs to approve my compensatory off request?,"Your compensatory off request must be approved by your reporting manager. Additionally, the leave should not impact project deliverables.",leave
What happens if I don't use my compensatory off within 60 days?,"If you do not use your compensatory off within 60 days from the date of accrual, it will expire and cannot be carried forward or encashed.",leave
Is there any restriction on when I can take compensatory off?,"Yes, compensatory off must be availed within 60 days of accrual, and it should not impact project deliverables. Approval from your reporting manager is also required.",leave
"If my project deliverables are at risk, can I still take compensatory off?","No, compensatory off should not be taken if it will impact project deliverables. Approval from your reporting manager is necessary to ensure business needs are met.",leave
Are managers and employees in leadership roles eligible for compensatory off?,Managers and employees in leadership roles are generally not eligible for compensatory off unless it is specifically approved by the CEO.,leave
Can exceptions be made for compensatory off in special situations?,"Yes, in exceptional circumstances where business needs require extended working hours beyond the prescribed limits, management may provide additional flexibility regarding compensatory off at their discretion.",leave
Who has the authority to approve compensatory off for leadership roles?,The CEO has the authority to approve compensatory off for employees in leadership roles.,leave
What happens if business needs require employees to work longer hours than usual?,"If business needs require employees to work extended hours beyond the usual limits, management may exercise discretion to provide additional flexibility, which could include compensatory off or other arrangements.",leave
Is compensatory off automatically granted to all employees who work extra hours?,"No, compensatory off is not automatically granted to all employees who work extra hours. For management and leadership roles, it requires CEO approval, and in other cases, it is subject to management's discretion, especially in exceptional circumstances.",leave
"If I am in a leadership position and work extra hours, can I expect compensatory off?","If you are in a leadership position, you are generally not eligible for compensatory off unless the CEO specifically approves it. However, in exceptional cases, management may provide additional flexibility depending on business needs.",leave
How does management decide on providing additional flexibility for extended working hours?,"Management decides on providing additional flexibility for extended working hours based on exceptional business needs and at their discretion. This flexibility may include compensatory off or other arrangements, especially when work exceeds prescribed limits.",leave
What happens if someone misuses or falsifies overtime claims according to company policy?,"According to company policy, misuse or falsification of overtime claims will result in disciplinary action.",compliance
Who is responsible for making sure that work is planned efficiently to reduce unnecessary overtime?,Managers are responsible for ensuring that work is planned efficiently to minimize unnecessary overtime.,leave
How does the company monitor compliance with overtime policies?,HR and management periodically review overtime trends to ensure compliance with company policies.,compliance
"If a manager consistently allows unnecessary overtime, what could happen?","If a manager consistently allows unnecessary overtime, it may be identified during periodic reviews by HR and management, and could lead to corrective actions to ensure compliance with company policies.",compliance
What is the role of HR in overtime policy compliance?,HR is responsible for periodically reviewing overtime trends and ensuring that company policies regarding overtime are being followed.,compliance
Can employees claim overtime without prior approval?,"Employees should not claim overtime without prior approval, as all overtime must be planned and justified according to company policy. Unauthorized claims may result in disciplinary action.",leave
How often are overtime trends reviewed by management and HR?,"Overtime trends are reviewed periodically by management and HR, though the exact frequency may depend on company procedures and needs.",leave
Can you explain the approval process for compensatory off in our company?,"Certainly! To apply for compensatory off, employees should first send an email to their reporting manager with a detailed description of the task for which the compensatory off is being requested. The employee is responsible for ensuring that the manager approves the request. Additionally, HR should be kept in CC on the email for record-keeping purposes. After receiving approval, the employee must apply for the compensatory off through the company’s leave management system, and the leave must be approved in the system before it can be availed.",leave
Who should be included in the email when requesting compensatory off approval?,"When requesting compensatory off approval, the email should be sent to your reporting manager, and HR should be included in CC for record-keeping purposes.",leave
What details should I include in my email to the manager when applying for compensatory off?,Your email to the manager should include a detailed description of the task for which you are requesting compensatory off. This helps the manager understand the context and make an informed decision regarding approval.,leave
Is it enough to just get my manager's approval via email for compensatory off?,"No, it is not enough to only get your manager's approval via email. After receiving approval, you must also apply for the compensatory off through the company’s leave management system, and the leave must be approved in the system before you can avail it.",leave
Why should HR be kept in CC when requesting compensatory off?,HR should be kept in CC when requesting compensatory off to ensure proper record-keeping and compliance with company policies. This helps maintain transparency and allows HR to track leave requests efficiently.,leave
What happens if I forget to apply for compensatory off in the leave management system after getting email approval?,"If you forget to apply for compensatory off in the leave management system after getting email approval, your leave will not be officially recorded or approved. It is essential to complete the process in the leave management system to ensure your compensatory off is recognized and can be availed.",leave
Can I avail compensatory off before it is approved in the leave management system?,"No, you must wait for your compensatory off to be approved in the company’s leave management system before availing it. This ensures that your leave is properly documented and authorized.",leave
What is Hearthstone' stance on work-life balance for its employees?,"Hearthstone places a strong emphasis on work-life balance and encourages employees to manage their tasks efficiently within regular working hours. The company aims to ensure that employees are not overburdened and that any additional work is acknowledged and compensated fairly, all while maintaining overall operational productivity.",leave
How does Hearthstone handle situations where employees need to work extra hours?,Hearthstone has a policy to ensure that any additional work performed outside of regular working hours is acknowledged fairly. This approach helps maintain a balance between operational productivity and employee well-being.,leave
Why does Hearthstone encourage employees to complete tasks within regular working hours?,Hearthstone encourages employees to complete their tasks within regular working hours to promote work-life balance and prevent burnout. This policy helps employees maintain their well-being while ensuring that productivity remains high.,leave
Does Hearthstone recognize extra work done by employees?,"Yes, Hearthstone ensures that any additional work performed by employees beyond regular hours is acknowledged fairly. This recognition is part of their commitment to maintaining a healthy work environment and operational productivity.",leave
What are the benefits of Hearthstone' work-life balance policy for employees?,"Hearthstone' work-life balance policy benefits employees by reducing stress, preventing burnout, and promoting overall well-being. By encouraging efficient task management within regular hours and fairly acknowledging extra work, the company fosters a positive and productive workplace.",leave
How does Hearthstone' policy on work-life balance impact operational productivity?,"Hearthstone' policy on work-life balance helps maintain operational productivity by ensuring employees are well-rested and motivated. Efficient task management within regular hours leads to sustained performance, while fair acknowledgment of extra work supports employee morale.",leave
Can you summarize Hearthstone' approach to managing employee workload?,Hearthstone manages employee workload by promoting efficient task completion within standard working hours and ensuring that any additional work is recognized fairly. This approach supports both employee well-being and the company's operational goals.,leave
What are ethical business practices according to Hearthstone?,"According to Hearthstone, ethical business practices involve conducting business in a way that maintains the company's reputation for integrity and ethical conduct. This applies to all employees and associated third parties. It includes honesty, transparency, compliance with laws and regulations, avoiding conflicts of interest, and treating all stakeholders fairly and respectfully.",conduct
Why is it important for employees and third parties to follow ethical business practices at Hearthstone?,"It is important for employees and third parties to follow ethical business practices at Hearthstone to protect the company's reputation, ensure compliance with legal and regulatory requirements, foster trust with clients and partners, and create a positive work environment. Upholding integrity and ethical conduct also helps prevent misconduct and supports long-term business success.",conduct
Can you give examples of actions that would be considered ethical business practices at Hearthstone?,"Examples of ethical business practices at Hearthstone include being honest in all communications, respecting confidentiality agreements, reporting any conflicts of interest, complying with all applicable laws and regulations, and treating colleagues, clients, and partners with fairness and respect.",conduct
What should an employee do if they witness unethical behavior at Hearthstone?,"If an employee witnesses unethical behavior at Hearthstone, they should report the incident to their supervisor, the human resources department, or through any official reporting channels provided by the company. Hearthstone encourages employees to speak up about unethical conduct to maintain a culture of integrity and ethical business practices.",compliance
Are third-party vendors also required to follow Hearthstone' ethical business standards?,"Yes, third-party vendors and associated partners are required to adhere to Hearthstone' ethical business standards. This ensures that all parties involved in business operations maintain the same level of integrity and ethical conduct, protecting the company's reputation and fostering trustworthy business relationships.",conduct
How does Hearthstone ensure compliance with its ethical business practices?,"Hearthstone ensures compliance with its ethical business practices by providing training to employees, establishing clear policies and guidelines, conducting regular audits, and offering channels for reporting unethical behavior. The company also takes corrective action when violations occur to reinforce its commitment to integrity.",compliance
What are the consequences of not following ethical business practices at Hearthstone?,"Failure to follow ethical business practices at Hearthstone can result in disciplinary action, which may include warnings, suspension, termination of employment, or termination of business relationships with third parties. Such actions are taken to uphold the company's standards of integrity and ethical conduct.",compliance
What are some key responsibilities for maintaining ethical standards in financial transactions?,"Key responsibilities for maintaining ethical standards in financial transactions include maintaining accurate and complete records of all transactions, avoiding any arrangements that could be perceived as corrupt or unethical, and reporting any suspected or actual violations of relevant policies immediately.",conduct
Why is it important to avoid arrangements that could be perceived as corrupt or unethical in business?,"Avoiding arrangements that could be perceived as corrupt or unethical is important because it helps maintain trust, protects the organization's reputation, ensures compliance with laws and regulations, and fosters a culture of integrity within the business.",conduct
What should I do if I suspect a violation of our company's ethics policy?,"If you suspect a violation of your company's ethics policy, you should report it immediately to the appropriate authority, such as your supervisor, the compliance department, or through an established whistleblower channel, in accordance with company procedures.",compliance
How can I ensure that my transaction records are accurate and complete?,"To ensure your transaction records are accurate and complete, record all details promptly, double-check entries for errors, retain supporting documentation, and follow your organization's record-keeping policies and procedures.",conduct
What are the consequences of failing to report suspected unethical behavior in the workplace?,"Failing to report suspected unethical behavior can lead to legal consequences, damage to the organization's reputation, financial losses, and a decline in workplace morale. It may also result in disciplinary action against those who fail to report such behavior.",compliance
Can you give examples of arrangements that might be perceived as corrupt or unethical?,"Examples of arrangements that might be perceived as corrupt or unethical include accepting gifts or favors in exchange for business decisions, engaging in conflicts of interest, offering or receiving bribes, or manipulating financial records to misrepresent the company's performance.",conduct
"If I am unsure whether a situation is unethical, what steps should I take?","If you are unsure whether a situation is unethical, consult your company's code of conduct or ethics policy, seek advice from a supervisor or the compliance department, and consider whether the situation could be perceived as improper by others. When in doubt, it is best to err on the side of caution and report your concerns.",compliance
How does Hearthstone handle reports of bribery or corruption?,Hearthstone encourages both employees and third parties to report any concerns or suspicions related to bribery or corruption. Reports can be made confidentially to the designated compliance officer or through the company's whistleblower mechanism. The company strictly prohibits retaliation against individuals who report such concerns in good faith.,compliance
Can I report a suspicion of corruption at Hearthstone anonymously?,"Yes, Hearthstone allows reports of suspected corruption to be made confidentially, either to the designated compliance officer or through the company's whistleblower mechanism. This ensures your identity is protected during the reporting process.",compliance
What protections are in place for whistleblowers at Hearthstone?,Hearthstone strictly prohibits any form of retaliation against individuals who report concerns or suspicions of bribery or corruption in good faith. This policy is designed to protect whistleblowers and encourage the reporting of unethical behavior.,compliance
Who can I contact at Hearthstone if I want to report bribery?,"If you wish to report bribery at Hearthstone, you can contact the designated compliance officer or use the company's whistleblower mechanism. Both options are available to ensure confidentiality and proper handling of your report.",compliance
Is retaliation allowed if someone reports corruption at Hearthstone?,"No, retaliation is strictly prohibited at Hearthstone against anyone who reports concerns or suspicions of bribery or corruption in good faith. The company is committed to protecting individuals who come forward with such reports.",compliance
What should I do if I suspect bribery at Hearthstone?,"If you suspect bribery at Hearthstone, you are encouraged to report your concerns confidentially to the designated compliance officer or through the company's whistleblower mechanism. The company values good faith reporting and ensures protection against retaliation.",compliance
Are third parties allowed to report corruption at Hearthstone?,"Yes, Hearthstone encourages not only employees but also third parties to report any concerns or suspicions regarding bribery or corruption. Reports can be made confidentially, and the company prohibits retaliation against those who report in good faith.",compliance
What does the anti-bribery and anti-corruption policy say about training and awareness for employees?,The policy states that all employees will receive regular training on anti-bribery and anti-corruption practices. This ensures that everyone is aware of the rules and how to comply with them.,conduct
Are business partners and third parties included in the anti-bribery and anti-corruption training requirements?,"Business partners and third parties are not required to undergo the same training as employees, but they will be informed of the anti-bribery and anti-corruption policy and are expected to comply with its requirements.",conduct
How often do employees receive anti-bribery and anti-corruption training?,"Employees receive regular training on anti-bribery and anti-corruption practices, though the specific frequency may depend on company policy or regulatory requirements.",conduct
Why is it important for business partners to be informed about the anti-bribery and anti-corruption policy?,"It is important for business partners to be informed about the anti-bribery and anti-corruption policy to ensure that they understand the company's standards and expectations, and to help prevent any involvement in bribery or corruption.",conduct
What happens if a third party does not comply with the anti-bribery and anti-corruption policy?,"If a third party does not comply with the anti-bribery and anti-corruption policy, the company may take appropriate action, which could include terminating the business relationship or reporting the issue to relevant authorities.",compliance
Is the anti-bribery and anti-corruption training mandatory for all employees?,"Yes, the training is mandatory for all employees to ensure they are aware of and understand the anti-bribery and anti-corruption practices required by the company.",conduct
How are employees kept up to date with changes in anti-bribery and anti-corruption policies?,"Employees are kept up to date with changes in anti-bribery and anti-corruption policies through regular training sessions and communications from the company, ensuring ongoing awareness and compliance.",general
What are the consequences of violating a company policy?,"Violating a company policy can result in disciplinary actions such as warnings, suspension, or even termination of employment or business relationships. In some cases, non-compliance may also lead to legal action or criminal prosecution, depending on the severity and nature of the violation.",compliance
Can breaking company policy result in legal trouble?,"Yes, breaking company policy can sometimes result in legal trouble. If the violation involves illegal activities or breaches of regulatory requirements, it may lead to legal action or even criminal prosecution in addition to internal disciplinary measures.",compliance
What disciplinary actions can a company take if someone doesn't follow its policies?,"A company can take several disciplinary actions if someone fails to follow its policies. These actions may include verbal or written warnings, suspension, demotion, termination of employment, or ending business relationships. The specific action depends on the severity and frequency of the violation.",compliance
"If an employee is terminated for policy violations, can they also face criminal charges?","Yes, if the policy violation involves illegal activities, such as fraud or theft, the employee may face criminal charges in addition to being terminated. The company may report the incident to law enforcement, which could lead to prosecution.",compliance
Are business partners subject to the same consequences for policy violations as employees?,"Business partners can also face serious consequences for policy violations, such as termination of the business relationship. If their actions are illegal or cause harm, they may also be subject to legal action or criminal prosecution, similar to employees.",compliance
What should someone do if they are accused of violating a company policy?,"If someone is accused of violating a company policy, they should review the policy in question, cooperate with any internal investigations, and provide any relevant information or evidence. It may also be helpful to seek advice from human resources or legal counsel to understand their rights and responsibilities.",compliance
Can a company take legal action against someone for not following its policies?,"Yes, a company can take legal action against someone who does not follow its policies, especially if the violation results in harm, financial loss, or breaches the law. Legal action may include civil lawsuits or, in cases involving criminal activity, reporting the matter to authorities for prosecution.",compliance
What does it mean when a policy states it will be reviewed periodically and updated as necessary?,"When a policy states it will be reviewed periodically and updated as necessary, it means that the organization will regularly examine the policy to ensure it remains effective and compliant with current laws and best practices. If changes in regulations or organizational needs occur, the policy will be revised to reflect those updates.",general
Why is it important for a policy to be updated to ensure compliance with applicable laws?,"It is important for a policy to be updated to ensure compliance with applicable laws because laws and regulations can change over time. Regular updates help organizations avoid legal penalties, maintain good standing, and ensure that their practices are aligned with current legal requirements.",general
What are best practices in the context of policy updates?,"Best practices in the context of policy updates refer to the most effective and widely accepted methods or procedures in a particular field. By updating policies to reflect best practices, organizations ensure they are following the highest standards for safety, efficiency, and compliance.",general
How often should a policy be reviewed to stay compliant?,"The frequency of policy reviews can vary depending on the organization and the type of policy. However, it is common to review policies annually or whenever there are significant changes in laws or industry standards. Regular reviews help ensure ongoing compliance and relevance.",general
Who is typically responsible for reviewing and updating organizational policies?,"Typically, the responsibility for reviewing and updating organizational policies falls to compliance officers, legal teams, or designated policy managers within the organization. In some cases, department heads or executive leadership may also be involved in the review process.",general
What steps are involved in updating a policy to ensure it meets current laws and best practices?,"Updating a policy usually involves several steps: reviewing the current policy, researching changes in laws and best practices, consulting with relevant stakeholders, drafting revisions, obtaining necessary approvals, and communicating the updated policy to all affected parties.",general
"If a policy is not updated regularly, what risks might an organization face?","If a policy is not updated regularly, an organization may face risks such as non-compliance with laws, legal penalties, reputational damage, operational inefficiencies, and failure to protect employees or customers according to current standards.",general
What is the purpose of the Anti-Bribery & Corruption Policy at Hearthstone?,"The purpose of the Anti-Bribery & Corruption Policy at Hearthstone is to promote a transparent, fair, and ethical business environment by preventing bribery and corruption in all company operations.",conduct
How does following the Anti-Bribery & Corruption Policy benefit Hearthstone?,"By following the Anti-Bribery & Corruption Policy, Hearthstone ensures compliance with legal standards, protects its reputation, and fosters trust among employees, clients, and partners.",conduct
What actions are prohibited under the Anti-Bribery & Corruption Policy at Hearthstone?,"The Anti-Bribery & Corruption Policy at Hearthstone prohibits offering, giving, receiving, or soliciting any form of bribe or corrupt payment, whether directly or indirectly, to influence business decisions or gain unfair advantages.",conduct
Who is responsible for upholding the Anti-Bribery & Corruption Policy at Hearthstone?,"All employees, contractors, and representatives of Hearthstone are responsible for upholding the Anti-Bribery & Corruption Policy and ensuring ethical conduct in all business dealings.",conduct
What should I do if I suspect a violation of the Anti-Bribery & Corruption Policy at Hearthstone?,"If you suspect a violation of the Anti-Bribery & Corruption Policy at Hearthstone, you should promptly report your concerns to your supervisor, the compliance officer, or through the company's designated reporting channels.",compliance
Are there consequences for violating the Anti-Bribery & Corruption Policy at Hearthstone?,"Yes, violating the Anti-Bribery & Corruption Policy at Hearthstone can result in disciplinary action, including termination of employment, and may also lead to legal consequences.",compliance
How does the Anti-Bribery & Corruption Policy support ethical business practices at Hearthstone?,"The Anti-Bribery & Corruption Policy supports ethical business practices at Hearthstone by setting clear standards of conduct, promoting accountability, and ensuring that all business activities are conducted with integrity and transparency.",general
What is the role of a Compliance Officer?,"A Compliance Officer is responsible for ensuring that an organization adheres to legal standards, regulatory requirements, and internal policies. They develop, implement, and monitor compliance programs, conduct audits, provide training, and act as a point of contact for compliance-related questions or concerns.",compliance
How can I contact the Compliance Officer at Hearthstone?,You can contact the Compliance Officer at Hearthstone by emailing compliance@kreedalabs.com for any questions or further clarification regarding compliance matters.,compliance
What types of issues should be reported to a Compliance Officer?,"Issues that should be reported to a Compliance Officer include suspected violations of laws or regulations, breaches of company policies, unethical behavior, conflicts of interest, and any concerns about workplace conduct or integrity.",compliance
Is it confidential to contact the Compliance Officer?,"Yes, communications with the Compliance Officer are typically treated as confidential. Organizations encourage employees and stakeholders to report concerns without fear of retaliation, and efforts are made to protect the identity of those who raise issues.",compliance
What should I include in my email to the Compliance Officer?,"When emailing the Compliance Officer, include a clear description of your question or concern, relevant details or evidence, and your contact information if you wish to receive a response. Be as specific as possible to help the Compliance Officer address your inquiry effectively.",compliance
What happens after I contact the Compliance Officer?,"After you contact the Compliance Officer, they will review your inquiry or report, assess the situation, and may follow up with you for additional information. The Compliance Officer will then take appropriate action, which could include investigating the matter, providing guidance, or escalating the issue as needed.",compliance
Can I contact the Compliance Officer anonymously?,"Many organizations allow individuals to contact the Compliance Officer anonymously, either through anonymous email, hotlines, or reporting systems. However, providing your contact information can help the Compliance Officer follow up and resolve the issue more effectively.",compliance
Who is required to comply with the company's adherence and accountability policy?,"All employees, contractors, and business partners are required to comply with the company's adherence and accountability policy.",compliance
What could happen if someone violates the adherence and accountability policy?,"Violations of the adherence and accountability policy may result in disciplinary action or termination, depending on the circumstances and the severity of the violation.",compliance
Does the adherence and accountability policy apply to business partners as well as employees?,"Yes, the adherence and accountability policy applies to business partners in addition to employees and contractors.",compliance
"If a contractor violates the policy, what actions might the company take?","If a contractor violates the policy, the company may take disciplinary action or terminate the contractor's engagement, as appropriate.",compliance
Is termination the only consequence for violating the adherence and accountability policy?,"No, termination is not the only consequence. Disciplinary action, which can vary in severity, may also be taken depending on the nature of the violation.",compliance
Why is it important for all parties to comply with the adherence and accountability policy?,"Compliance with the adherence and accountability policy is important to ensure ethical conduct, maintain trust, and protect the integrity of the organization.",general
Can a business partner be terminated for violating the policy?,"Yes, a business partner can have their relationship with the company terminated if they violate the adherence and accountability policy.",compliance
What is Hearthstone' approach to ethical growth?,"Hearthstone is committed to ethical growth by prioritizing ethical business practices, transparency, and accountability. The company believes these values strengthen relationships with clients, employees, and stakeholders. By adhering to its Code of Business Conduct, Hearthstone ensures a responsible, compliant, and inclusive work culture.",general
How does Hearthstone promote transparency in its operations?,"Hearthstone promotes transparency by openly communicating its business practices and decisions to clients, employees, and stakeholders. This approach helps build trust and ensures that all parties are informed about the company's actions and policies.",general
Why is accountability important to Hearthstone?,"Accountability is important to Hearthstone because it ensures that the company and its employees take responsibility for their actions. This fosters trust, encourages ethical behavior, and helps maintain strong relationships with clients, employees, and stakeholders.",general
What is the purpose of Hearthstone' Code of Business Conduct?,"The purpose of Hearthstone' Code of Business Conduct is to provide guidelines for responsible and ethical behavior within the company. It helps ensure compliance with laws and regulations, promotes inclusivity, and supports a positive work culture.",general
How does Hearthstone ensure an inclusive work culture?,"Hearthstone ensures an inclusive work culture by adhering to its Code of Business Conduct, which emphasizes respect, diversity, and equal opportunities for all employees. This approach helps create a welcoming and supportive environment for everyone.",general
Can you explain how ethical business practices benefit Hearthstone' stakeholders?,"Ethical business practices benefit Hearthstone' stakeholders by fostering trust, reducing risks, and enhancing the company's reputation. This leads to stronger partnerships, increased loyalty, and long-term success for both the company and its stakeholders.",general
What are the key values highlighted in Hearthstone' approach to business conduct?,"The key values highlighted in Hearthstone' approach to business conduct are ethical business practices, transparency, accountability, responsibility, compliance, and inclusivity. These values guide the company's interactions and decision-making processes.",conduct
What does 'Drafted by: Reviewed & Approved by: Mrs. Anishri Masal – Gholap Mr. Saurabh Bhansali Sr. HR Executive Founder & CEO' mean in a document?,"This phrase indicates the roles and individuals involved in the creation and approval of a document. 'Drafted by' refers to the person who prepared the initial version, in this case, Mrs. Anishri Masal – Gholap, who is the Sr. HR Executive. 'Reviewed & Approved by' refers to the person who checked and authorized the document, here Mr. Saurabh Bhansali, who is the Founder & CEO.",general
Why is it important to mention 'Drafted by' and 'Reviewed & Approved by' in official documents?,"Mentioning 'Drafted by' and 'Reviewed & Approved by' in official documents is important for accountability and transparency. It clearly identifies who prepared the document and who has verified and authorized its contents, ensuring responsibility and traceability in case of future queries or audits.",general
What is the role of a Sr. HR Executive in document drafting?,"A Sr. HR Executive is typically responsible for preparing and drafting HR-related documents, such as policies, offer letters, and internal communications. Their role involves ensuring the content is accurate, compliant with company policies, and aligns with legal requirements before it is reviewed and approved by higher management.",general
What does the Founder & CEO's approval signify on a document?,"The approval of the Founder & CEO on a document signifies that the highest level of management has reviewed and authorized the document. This approval indicates that the document aligns with the company's vision, policies, and strategic objectives, and is now official and ready for implementation.",general
Can a document be valid without the 'Reviewed & Approved by' section?,"While a document may still be valid without a 'Reviewed & Approved by' section, including this section is considered best practice in professional settings. It ensures that the document has been checked for accuracy and compliance, and that someone in authority has taken responsibility for its contents.",general
Is it common for HR executives to draft documents for CEO approval?,"Yes, it is common practice for HR executives to draft documents, especially those related to human resources, and then submit them for review and approval by the CEO or other senior management. This process ensures that important documents are accurate, compliant, and aligned with organizational goals before being finalized.",general
What is the difference between 'drafted by' and 'approved by' in document workflows?,"In document workflows, 'drafted by' refers to the individual who creates the initial version of the document, handling research, writing, and formatting. 'Approved by' refers to the person who reviews the draft, checks for accuracy, compliance, and alignment with organizational standards, and then authorizes the document for official use.",general
What is the process for applying for compensatory off in our company?,"To apply for compensatory off, you must submit your request within 7 days of performing the extra work. This should be done using the company’s leave management system. The request will then be reviewed and is subject to approval by your reporting manager, based on business requirements and staffing needs.",leave
How long do I have to use my compensatory off once it is granted?,"Once compensatory off is granted, you must avail it within 30 days from the date of approval. If you do not use it within this period, the compensatory off will lapse unless you have received special approval from management.",leave
Can I carry forward or encash unused compensatory off?,Unused compensatory off cannot be carried forward or encashed. It will lapse after 30 days unless there are exceptional circumstances and you have obtained management approval.,leave
Is it possible to combine compensatory off with other types of leave?,"Yes, you can combine compensatory off with other types of leave, but it cannot be clubbed with more than two types of leave at a time, such as casual leave or earned leave.",leave
"Who approves compensatory off requests, and what factors are considered?",Compensatory off requests are approved by your reporting manager. Approval is based on business requirements and staffing needs to ensure that your absence does not disrupt critical business operations.,leave
What should I keep in mind to ensure my compensatory off does not affect business operations?,You should coordinate with your team and reporting manager to ensure your absence does not disrupt critical business operations. Planning your compensatory off in advance and communicating your schedule helps maintain smooth workflow.,leave
What happens if I miss the 7-day window to apply for compensatory off?,"If you do not submit your compensatory off request within 7 days of performing the extra work, you may forfeit your eligibility for that compensatory off, unless management provides an exception.",leave
How is overtime calculated according to company policy?,"Overtime is calculated on an hourly basis and rounded to the nearest half hour. Only hours worked beyond the regular shift, as defined by company policy, are considered for overtime.",leave
"If I work extra hours on a weekend, how is my overtime calculated?",Overtime for work on weekends is calculated separately from regular overtime. It is subject to prior approval and follows the company's specific overtime calculation rules.,leave
Do public holidays have a different overtime calculation?,"Yes, overtime for work performed on public holidays is calculated separately and requires prior approval, according to company policy.",leave
What does it mean that overtime is rounded to the nearest half hour?,"Rounding to the nearest half hour means that if you work overtime, the total extra time is rounded up or down to the closest 30-minute increment. For example, if you work 1 hour and 20 minutes overtime, it would be rounded to 1.5 hours.",leave
Do I need approval to work overtime on weekends or public holidays?,"Yes, working overtime on weekends or public holidays requires prior approval according to company policy.",leave
"If I work extra hours during my regular shift, does that count as overtime?","No, only hours worked beyond your regular shift, as defined by company policy, are considered for overtime. Extra hours within your regular shift do not qualify.",leave
Can you summarize the key points of the company's overtime calculation policy?,Certainly. Overtime is calculated hourly and rounded to the nearest half hour. Only hours beyond the regular shift count as overtime. Overtime for weekends and public holidays is calculated separately and requires prior approval.,leave
What are the exceptions to this policy?,"Any exceptions to this policy must be approved by both the HR Head and the relevant department head. Additionally, management reserves the right to amend or withdraw the policy at any time based on business needs.",general
Who has the authority to approve exceptions to this policy?,Exceptions to this policy can only be approved by the HR Head and the relevant department head.,compliance
Can the policy be changed or withdrawn?,"Yes, management reserves the right to amend or withdraw this policy at any time, depending on business needs.",general
"If I need an exception to the policy, what should I do?","If you require an exception to the policy, you should seek approval from both the HR Head and the relevant department head.",general
Why does management reserve the right to amend or withdraw the policy?,Management reserves this right to ensure the policy remains aligned with changing business needs and organizational priorities.,general
Is it possible for the policy to be changed without notice?,"Yes, since management reserves the right to amend or withdraw the policy at any time, changes can be made as needed, potentially without prior notice.",general
Who should I contact if I have questions about policy exceptions?,"If you have questions about policy exceptions, you should contact the HR Head or the head of your relevant department for guidance.",general
How often should a policy be reviewed to ensure it stays aligned with legal requirements and business objectives?,A policy should be reviewed annually or as needed to ensure it remains aligned with current legal requirements and business objectives.,general
Why is it important to review policies regularly?,"Regular policy reviews are important to ensure compliance with changing laws and regulations, adapt to evolving business goals, and address any operational or risk-related issues that may arise over time.",general
What should trigger a policy review besides the annual schedule?,"A policy review should be triggered by significant changes in laws or regulations, shifts in business objectives, organizational restructuring, or after incidents that reveal gaps in the current policy.",general
Who is typically responsible for reviewing company policies?,"Policy reviews are typically the responsibility of compliance officers, human resources, or designated policy owners within an organization, often in consultation with legal and management teams.",general
What are the potential risks of not reviewing policies regularly?,"Failing to review policies regularly can lead to non-compliance with laws, outdated procedures, increased risk of legal issues, and misalignment with business objectives, potentially resulting in financial or reputational harm.",general
How can organizations ensure their policies remain up to date?,"Organizations can ensure their policies remain up to date by establishing a regular review schedule, monitoring legal and regulatory changes, involving relevant stakeholders in the review process, and promptly updating policies as needed.",general
"If a policy is reviewed and changes are made, how should employees be informed?","When a policy is updated, employees should be informed through official communication channels such as email, internal memos, or staff meetings. Additionally, training sessions or informational materials may be provided to ensure everyone understands the changes.",general
Who should I contact if I have questions about the company policy?,"For any queries or clarifications regarding the company policy, you should contact the HR department at hr@kreedalabs.com.",general
Is there a specific email address for policy-related questions at Hearthstone?,"Yes, for policy-related questions at Hearthstone, you can email the HR department at hr@kreedalabs.com.",general
"If I need clarification about a company policy, what should I do?","If you need clarification about a company policy, you should reach out to the HR department by emailing hr@kreedalabs.com.",general
Can I contact HR for questions about company policies?,"Yes, you can contact the HR department for any questions or clarifications regarding company policies. The email address is hr@kreedalabs.com.",general
What is the process for getting clarification on a policy at Hearthstone?,"To get clarification on a policy at Hearthstone, you should contact the HR department by sending an email to hr@kreedalabs.com.",general
Is there a department responsible for handling policy queries at Hearthstone?,"Yes, the HR department is responsible for handling any queries or clarifications regarding company policies at Hearthstone. You can reach them at hr@kreedalabs.com.",general
How do I get in touch with someone about a policy issue at work?,"If you have a policy issue at work, you should contact the HR department for assistance. You can email them at hr@kreedalabs.com.",general
How often is the company's Code of Conduct reviewed and updated?,"The company's Code of Conduct is reviewed annually and updated as needed to reflect changes in law, business practices, or company values.",general
How are employees informed about updates to the Code of Conduct?,Employees are informed of updates to the Code of Conduct through official communication channels.,general
Are employees required to acknowledge updates to the Code of Conduct?,"Yes, all employees are required to acknowledge their understanding and commitment to any updates made to the Code of Conduct.",compliance
What triggers updates to the Code of Conduct?,"Updates to the Code of Conduct may be triggered by changes in law, business practices, or company values.",general
What is the process for communicating changes in the Code of Conduct to employees?,"When the Code of Conduct is updated, all employees are notified through official communication channels, and they must acknowledge their understanding and commitment to the changes.",general
Why is it important to review the Code of Conduct annually?,"Reviewing the Code of Conduct annually ensures that it remains current with legal requirements, business practices, and company values, helping to maintain ethical standards and compliance.",general
What happens if an employee does not acknowledge the updated Code of Conduct?,"If an employee does not acknowledge the updated Code of Conduct, it may be considered a violation of company policy, and appropriate follow-up actions may be taken to ensure compliance.",compliance
How does Hearthstone promote continuous improvement among its employees?,"Hearthstone promotes continuous improvement by fostering a culture of integrity, respect, and excellence. The company encourages employees to provide feedback on its Code of Conduct and actively participate in training sessions. These initiatives help ensure ongoing awareness and compliance with company standards.",general
What role does employee feedback play in Hearthstone' Code of Conduct?,"Employee feedback is highly valued at Hearthstone as it helps improve and refine the Code of Conduct. By encouraging employees to share their insights and suggestions, the company ensures that the Code remains relevant and effective in promoting a positive workplace culture.",conduct
Why are training sessions important for compliance at Hearthstone?,"Training sessions are important at Hearthstone because they help employees stay informed about the Code of Conduct and company policies. Regular training ensures that everyone understands their responsibilities, which supports ongoing compliance and upholds the company's values of integrity, respect, and excellence.",compliance
Can employees suggest changes to the Code of Conduct at Hearthstone?,"Yes, employees at Hearthstone are encouraged to suggest changes or provide feedback on the Code of Conduct. This open approach helps the company adapt its policies to evolving needs and maintain a culture of continuous improvement.",general
How does Hearthstone ensure ongoing awareness of its Code of Conduct?,Hearthstone ensures ongoing awareness of its Code of Conduct by organizing regular training sessions and encouraging open feedback from employees. These efforts help keep everyone informed and engaged with the company's ethical standards.,general
What values does Hearthstone emphasize in its workplace culture?,"Hearthstone emphasizes integrity, respect, and excellence as core values in its workplace culture. These principles guide employee behavior and support a positive, ethical, and high-performing work environment.",general
"If I have a suggestion for improving the Code of Conduct at Hearthstone, what should I do?","If you have a suggestion for improving the Code of Conduct at Hearthstone, you are encouraged to share your feedback with the appropriate department or through designated feedback channels. The company values employee input as part of its commitment to continuous improvement and maintaining high standards.",general
Who should I contact if I have questions about the company's Code of Conduct?,"If you have any questions or need clarifications regarding the company's Code of Conduct, you can contact the HR Department at hr@kreedalabs.com or the CEO at ceo@kreedalabs.com.",compliance
Is there a specific email address for Code of Conduct queries at Hearthstone?,"Yes, for any queries related to the Code of Conduct at Hearthstone, you can email the HR Department at hr@kreedalabs.com or the CEO at ceo@kreedalabs.com.",compliance
Who can employees reach out to for clarifications about company policies?,"Employees seeking clarifications about company policies, including the Code of Conduct, may contact the HR Department at hr@kreedalabs.com or the CEO at ceo@kreedalabs.com.",compliance
"If I have a concern about the Code of Conduct, who should I email?","If you have a concern about the Code of Conduct, you should email either the HR Department at hr@kreedalabs.com or the CEO at ceo@kreedalabs.com.",compliance
Are there multiple contacts for questions about the Code of Conduct at Hearthstone?,"Yes, there are two main contacts for questions about the Code of Conduct at Hearthstone: the HR Department (hr@kreedalabs.com) and the CEO (ceo@kreedalabs.com).",compliance
What is the official channel for employees to seek clarification on the Code of Conduct?,The official channels for employees to seek clarification on the Code of Conduct are the HR Department at hr@kreedalabs.com and the CEO at ceo@kreedalabs.com.,compliance
Can I contact the CEO directly if I have questions about the Code of Conduct?,"Yes, you can contact the CEO directly at ceo@kreedalabs.com if you have any questions about the Code of Conduct. Alternatively, you may also reach out to the HR Department at hr@kreedalabs.com.",compliance
How do upholding standards contribute to a positive and high-performing workplace at Hearthstone?,"Upholding standards at Hearthstone ensures that employees act ethically, communicate respectfully, and collaborate effectively. This creates a trustworthy environment, boosts morale, and encourages productivity, all of which contribute to a positive and high-performing workplace.",conduct
What are some examples of ethical standards in the workplace?,"Examples of ethical standards in the workplace include honesty in communication, respecting confidentiality, treating colleagues fairly, avoiding conflicts of interest, and adhering to company policies and legal regulations.",conduct
Why is it important for everyone to contribute to upholding workplace standards?,"When everyone contributes to upholding workplace standards, it fosters a culture of mutual respect and accountability. This collective effort helps prevent unethical behavior, supports team cohesion, and ensures a safe and productive work environment for all employees.",conduct
How can employees at Hearthstone ensure they are meeting workplace standards?,"Employees at Hearthstone can meet workplace standards by familiarizing themselves with company policies, participating in training sessions, seeking clarification when unsure, and consistently demonstrating professionalism and respect in their interactions.",conduct
What are the benefits of maintaining a high-performing workplace?,"Maintaining a high-performing workplace leads to increased productivity, higher employee satisfaction, better collaboration, and improved business outcomes. It also helps attract and retain top talent, contributing to the long-term success of the organization.",conduct
What role does leadership play in upholding workplace standards at Hearthstone?,"Leadership at Hearthstone plays a crucial role by setting clear expectations, modeling ethical behavior, providing guidance, and holding team members accountable. Effective leaders inspire others to follow standards and contribute to a positive workplace culture.",conduct
"If someone observes a breach of workplace standards, what should they do?","If someone observes a breach of workplace standards, they should report it to their supervisor, human resources, or use any established reporting channels. Addressing issues promptly helps maintain the integrity and positive environment of the workplace.",compliance
What should an employee do if declining a gift is impractical because of cultural customs?,"If declining a gift is impractical due to cultural customs, the employee must report the gift to the Human Resources (HR) department for guidance.",conduct
Are there any exceptions to the policy on accepting gifts at work?,"Yes, any exceptions to the policy on accepting gifts require prior written approval from the Compliance Officer or the HR department.",conduct
"If I receive a gift that I can't decline due to cultural reasons, can I keep it without telling anyone?","No, if you receive a gift that you cannot decline due to cultural customs, you must report it to HR for guidance. You should not keep it without informing the appropriate department.",conduct
Who can approve exceptions to the company's gift acceptance policy?,Exceptions to the company's gift acceptance policy can only be approved in writing by the Compliance Officer or the HR department.,conduct
What is the process if I need an exception to the gift policy?,"If you need an exception to the gift policy, you must obtain prior written approval from either the Compliance Officer or the HR department before accepting the gift.",compliance
Why is it important to report gifts that can't be declined due to cultural customs?,Reporting gifts that cannot be declined due to cultural customs is important to ensure transparency and compliance with company policies. It helps prevent conflicts of interest and maintains ethical standards in the workplace.,conduct
"If I want to accept a gift that is not allowed by policy, what should I do?","If you wish to accept a gift that is not allowed by company policy, you must seek prior written approval from the Compliance Officer or HR department before accepting the gift.",conduct
What is the policy for reporting gifts and entertainment at Hearthstone?,"At Hearthstone, all gifts and entertainment that exceed a specified value must be reported and properly documented. The exact value threshold is determined by the company. Employees are encouraged to consult with HR or the Compliance Officer if they are uncertain about whether a gift or entertainment is appropriate or requires reporting.",conduct
Who should I contact if I'm unsure about accepting a gift at Hearthstone?,"If you are unsure about the appropriateness of accepting a gift at Hearthstone, you should seek guidance from either the Human Resources (HR) department or the Compliance Officer. They can provide clarification and help ensure you follow company policy.",conduct
Is there a specific value above which gifts must be reported at Hearthstone?,"Yes, Hearthstone has a specified value threshold for gifts and entertainment. Any gift or entertainment above this value must be reported and documented. The exact value is determined by the company and may be outlined in the company's policies or communicated by HR or the Compliance Officer.",conduct
What should I do if I receive a gift that is above the allowed value at Hearthstone?,"If you receive a gift that exceeds the specified value at Hearthstone, you are required to report and document the gift according to company policy. You should also consult with HR or the Compliance Officer for further guidance on how to proceed.",conduct
Why does Hearthstone require documentation of gifts and entertainment?,"Hearthstone requires documentation of gifts and entertainment above a certain value to ensure transparency, prevent conflicts of interest, and comply with legal and ethical standards. This process helps protect both the company and its employees from potential issues related to inappropriate gifts or entertainment.",conduct
"If I am not sure whether a gift needs to be reported, what should I do?","If you are uncertain about whether a gift needs to be reported at Hearthstone, it is best to seek guidance from HR or the Compliance Officer. They can help you determine if the gift falls within the reporting requirements and advise you on the appropriate steps to take.",conduct
Are employees at Hearthstone encouraged to ask questions about the gift policy?,"Yes, employees at Hearthstone are encouraged to seek guidance from HR or the Compliance Officer if they have any questions or uncertainties about the appropriateness of a gift or entertainment. This ensures that all actions are in line with company policy and ethical standards.",conduct
What happens if someone violates the company policy?,"Violations of company policy can result in disciplinary action, which may include termination of employment or contract. In some cases, legal action may also be taken depending on the severity of the violation.",compliance
Can breaking company policy lead to losing my job?,"Yes, breaking company policy can lead to disciplinary measures, including the possibility of termination of employment or contract.",compliance
Are there legal consequences for violating workplace policies?,"Yes, in addition to internal disciplinary actions, violating workplace policies can sometimes result in legal action, especially if the violation involves breaking the law.",compliance
What types of disciplinary actions can be taken for policy violations?,"Disciplinary actions for policy violations can range from verbal or written warnings to suspension, termination of employment or contract, and in some cases, legal proceedings.",compliance
"If a contractor violates company policy, what could happen?","If a contractor violates company policy, their contract may be terminated, and they could also face legal action depending on the nature of the violation.",compliance
Is termination always the result of a policy violation?,"Termination is not always the result of a policy violation. The disciplinary action taken depends on the severity and nature of the violation. Lesser offenses may result in warnings or suspension, while serious violations can lead to termination or legal action.",compliance
What should I do if I am accused of violating a company policy?,"If you are accused of violating a company policy, you should review the policy in question, cooperate with any investigation, and seek clarification or representation if needed. It is important to respond professionally and follow the company's procedures for addressing such matters.",compliance
How often should a policy be reviewed and updated to ensure compliance with legal and ethical standards?,"A policy should be reviewed periodically, typically on an annual basis or whenever there are significant changes in laws, regulations, or organizational practices. Regular reviews help ensure that the policy remains compliant with current legal and ethical standards. Updates should be made as necessary to address any identified gaps or changes in requirements.",general
Why is it important to periodically review and update organizational policies?,"Periodic review and updating of organizational policies are important to ensure that the organization remains compliant with evolving legal requirements and ethical standards. This process helps identify outdated practices, address new risks, and maintain the effectiveness and relevance of the policies.",general
What steps are involved in reviewing and updating a policy?,"The steps involved in reviewing and updating a policy typically include: 1) Assessing the current policy for relevance and compliance, 2) Consulting with stakeholders and legal experts, 3) Identifying areas that require changes, 4) Drafting revisions, 5) Obtaining necessary approvals, and 6) Communicating and implementing the updated policy.",general
Who is usually responsible for reviewing and updating company policies?,"The responsibility for reviewing and updating company policies often falls to the compliance officer, human resources department, or a designated policy review committee. In some organizations, department heads or legal counsel may also be involved to ensure comprehensive oversight.",general
What could happen if an organization fails to update its policies regularly?,"If an organization fails to update its policies regularly, it risks non-compliance with current laws and regulations, which can lead to legal penalties, reputational damage, and operational inefficiencies. Outdated policies may also fail to address new risks or ethical considerations, potentially harming the organization and its stakeholders.",general
How can organizations ensure their policies remain compliant with changing legal standards?,"Organizations can ensure their policies remain compliant by establishing a regular review schedule, staying informed about changes in relevant laws and regulations, consulting with legal experts, and incorporating feedback from stakeholders. Proactive monitoring and timely updates are key to maintaining compliance.",general
Can you give an example of a trigger that would require an immediate policy update?,"An example of a trigger requiring an immediate policy update would be the introduction of new legislation that directly affects the organization's operations, such as changes to data privacy laws. Other triggers could include significant technological advancements, major organizational changes, or the identification of a compliance breach.",general
Who should I contact if I have questions or need further clarification about company policies?,"If you have questions or need further clarification about company policies, you should contact the HR department or the Compliance Officer.",general
What is the role of the Compliance Officer in a company?,"The Compliance Officer is responsible for ensuring that the company adheres to legal standards and internal policies. They provide guidance on compliance matters, conduct training, and serve as a point of contact for questions or concerns related to regulations and company policies.",general
Can I contact both HR and the Compliance Officer for the same issue?,"Yes, you can contact both the HR department and the Compliance Officer if your issue relates to both human resources and compliance matters. They often work together to address employee concerns and ensure company policies are followed.",compliance
How do I reach the HR department for questions?,"You can reach the HR department by email, phone, or by visiting their office during business hours. The specific contact details are usually provided in your employee handbook or on the company intranet.",general
What types of questions should be directed to the Compliance Officer instead of HR?,"Questions related to legal compliance, regulatory requirements, ethical concerns, or potential violations of company policy should be directed to the Compliance Officer. HR typically handles employment, benefits, and workplace issues.",compliance
Is it confidential to contact the Compliance Officer with a concern?,"Yes, communications with the Compliance Officer are generally treated as confidential, especially when reporting concerns or potential violations. The company aims to protect your privacy and prevent retaliation.",compliance
What should I do if I am unsure whether to contact HR or the Compliance Officer?,"If you are unsure whether to contact HR or the Compliance Officer, you can reach out to either one. They will guide you to the appropriate person or department to address your concern.",compliance
What is the purpose of a Whistleblower Policy?,"A Whistleblower Policy is designed to encourage employees and stakeholders to report any known or suspected violations of laws, regulations, or company policies. It aims to protect individuals who report misconduct from retaliation and ensures that all reports are investigated thoroughly and confidentially.",compliance
"Why is it important to commit to integrity, transparency, and accountability in an organization?","Committing to integrity, transparency, and accountability helps build trust within the organization and with external stakeholders. It ensures ethical behavior, reduces the risk of misconduct, and promotes a positive organizational culture where issues can be addressed openly and responsibly.",conduct
What does it mean to report a suspected violation under the Whistleblower Policy?,"Reporting a suspected violation under the Whistleblower Policy means informing the appropriate authorities or designated personnel within the organization about any actions or behaviors that may breach laws, regulations, or company policies. This can include fraud, corruption, safety violations, or other unethical conduct.",compliance
How does the Whistleblower Policy protect those who report violations?,"The Whistleblower Policy typically includes provisions that protect individuals from retaliation, such as termination, demotion, or harassment, as a result of reporting a violation in good faith. It also ensures confidentiality to the extent possible during the investigation process.",compliance
What information is usually required when signing a Whistleblower Policy acknowledgment form?,"When signing a Whistleblower Policy acknowledgment form, individuals are usually required to provide their name, signature, and the date. This confirms that they have read, understood, and agree to comply with the policy.",compliance
"If I suspect a violation but am not sure, should I still report it?","Yes, if you suspect a violation, you should report it according to the Whistleblower Policy. You do not need to have proof; reporting suspicions allows the organization to investigate and determine if any wrongdoing has occurred.",compliance
What happens after I report a violation under the Whistleblower Policy?,"After you report a violation, the organization will typically conduct a confidential investigation to assess the validity of the claim. You may be contacted for additional information, and the organization will take appropriate action if the violation is confirmed. Throughout the process, your identity and the details of your report will be protected as much as possible.",compliance
How does Hearthstone ensure impartiality and fairness when reviewing whistleblower reports?,"Hearthstone ensures impartiality and fairness in reviewing whistleblower reports by having all reports reviewed by the Whistleblower Review Panel, which consists of representatives from HR and the CEO. This panel conducts an initial assessment to determine the validity of each report and ensures that all investigations are carried out impartially and confidentially, based on facts and evidence.",compliance
Can you explain the steps involved in the whistleblower investigation process at Hearthstone?,"Certainly. The whistleblower investigation process at Hearthstone involves several steps: 1) Acknowledgment of the report within 3 working days, 2) Initial review by the Whistleblower Review Panel to assess validity, 3) A detailed and confidential investigation, 4) Implementation of corrective measures if misconduct is confirmed, 5) Providing updates and final resolution feedback to the whistleblower, and 6) Completing the investigation within 30 days, with possible extensions for complex cases.",compliance
What disciplinary actions can be taken if someone is found responsible for misconduct at Hearthstone?,"If an individual is found responsible for misconduct at Hearthstone, disciplinary actions may include warnings, suspension, or termination, depending on the severity of the violation. The company ensures that corrective actions are appropriate and proportionate to the nature of the misconduct.",compliance
What happens if someone knowingly makes a false whistleblower report at Hearthstone?,"Knowingly making false or misleading accusations as a whistleblower at Hearthstone is considered a serious violation. Such actions may result in disciplinary measures, up to and including termination of employment.",compliance
How often is the whistleblower policy at Hearthstone reviewed and updated?,"The whistleblower policy at Hearthstone is reviewed annually. Updates are made as necessary to reflect regulatory requirements, legal changes, and operational feedback, ensuring the policy remains current and effective.",general
Who should I contact if I have questions about the whistleblower policy at Hearthstone?,"If you have any questions regarding the whistleblower policy at Hearthstone, you should contact the HR Team for assistance and clarification.",general
What does 'Drafted by: Approved by: Mrs. Anishri Masal – Gholap Mr. Saurabh Bhansali Sr. HR Executive Founder & CEO' mean on a document?,"This line indicates the individuals responsible for preparing and approving the document. 'Drafted by' refers to Mrs. Anishri Masal – Gholap, who is the Senior HR Executive and the person who created the document. 'Approved by' refers to Mr. Saurabh Bhansali, who is the Founder & CEO and has given final approval for the document's content.",general
Why is it important to mention 'Drafted by' and 'Approved by' on official documents?,"Mentioning 'Drafted by' and 'Approved by' on official documents is important for accountability and transparency. It clearly identifies who prepared the document and who authorized its contents, which helps in tracking responsibility and ensuring the document's authenticity.",general
What roles do a Sr. HR Executive and a Founder & CEO play in document approval?,"A Senior HR Executive typically drafts documents related to human resources, such as policies or employee communications. The Founder & CEO, as the highest authority in the organization, reviews and approves these documents to ensure they align with company values and objectives before they are finalized.",general
"If a document is only drafted but not approved, is it considered valid?","Generally, a document that is only drafted but not approved is not considered valid for official use. Approval signifies that the content has been reviewed and authorized by the appropriate authority, making the document official and enforceable.",general
Can the same person draft and approve a document?,"While it is possible for the same person to both draft and approve a document, it is generally recommended to have different individuals for these roles. This separation helps maintain checks and balances, reduces the risk of errors, and enhances the credibility of the document.",general
What happens if an error is found in a document after it has been approved?,"If an error is discovered after a document has been approved, a revised version should be drafted and go through the approval process again. The correction should be clearly documented, and the updated document should replace the previous version to avoid confusion.",general
Is it necessary to include job titles like 'Sr. HR Executive' and 'Founder & CEO' along with names in document sign-offs?,"Yes, including job titles along with names in document sign-offs is important. It clarifies the authority and role of each individual in the document's preparation and approval, ensuring transparency and proper record-keeping.",general
What should an employee do if they receive a gift and are unsure if it's appropriate according to company policy?,"If an employee receives a gift and is unsure about its appropriateness under company policy, they should disclose the gift to Human Resources (HR) for guidance.",conduct
What are the possible actions if a gift cannot be accepted by an employee?,"If a gift cannot be accepted by an employee, it may be donated, shared with the team, or recorded as a company asset, depending on the company's procedures.",conduct
What are the consequences of violating the company's gift and entertainment policy?,"Violating the company's gift and entertainment policy may result in disciplinary action, which can include termination of employment.",compliance
Who should employees contact if they have concerns or want to report a potential violation of the gift policy?,Employees should report concerns or potential violations of the gift policy to Human Resources (HR) or the Compliance Team.,compliance
Is there protection for employees who report violations of the gift policy?,"Yes, employees are protected from retaliation when they report concerns or potential violations of the gift policy.",compliance
"If an employee receives entertainment from a vendor, what should they do if they are unsure about the policy?","If an employee receives entertainment from a vendor and is unsure about the policy, they should disclose the situation to HR for clarification and guidance.",conduct
What steps should be taken if an employee witnesses a colleague violating the gift and entertainment policy?,"If an employee witnesses a colleague violating the gift and entertainment policy, they should report the incident to HR or the Compliance Team, as the company encourages reporting without fear of retaliation.",compliance
Why is it important to include 'Drafted by' and 'Reviewed & Approved by' in official documents?,"Including 'Drafted by' and 'Reviewed & Approved by' in official documents ensures accountability and transparency. It clearly identifies who prepared the document and who has verified and authorized its contents, which helps in tracking responsibility and maintaining quality control.",general
What roles do Mrs. Anishri Masal – Gholap and Mr. Saurabh Bhansali play in the approval process?,"Mrs. Anishri Masal – Gholap, as Sr. HR Executive, is responsible for drafting the document, ensuring it meets the necessary requirements. Mr. Saurabh Bhansali, as Founder & CEO, reviews the document for accuracy and compliance before giving final approval.",general
Is it common for the CEO to review and approve HR documents?,"While it is not always common for the CEO to review every HR document, in smaller organizations or for important policies, the CEO may be directly involved in the approval process to ensure alignment with company values and objectives.",general
What is the significance of including job titles like 'Sr. HR Executive' and 'Founder & CEO' next to names in document approvals?,Including job titles such as 'Sr. HR Executive' and 'Founder & CEO' clarifies the authority and responsibility of each individual in the approval process. It helps readers understand the level of oversight and the roles involved in creating and validating the document.,general
"If a document is only drafted but not reviewed and approved, is it considered official?","A document that is only drafted but not reviewed and approved is generally not considered official. The review and approval process is essential to validate the content, ensure accuracy, and authorize its use within the organization.",general
Can you explain the workflow from drafting to approval in HR documentation?,"Certainly. The workflow typically starts with the HR executive drafting the document, ensuring it meets organizational standards. Next, the draft is reviewed by a higher authority, such as the CEO, who checks for accuracy, compliance, and alignment with company policies. Once reviewed, the document is approved and becomes official for implementation or distribution.",general
How does the anonymous reporting process work in organizations?,"Organizations often provide an online form or suggestion box for individuals to submit anonymous reports. All submissions are handled with strict confidentiality, and the identity of the whistleblower is protected as much as possible. This protection is maintained while ensuring a thorough investigation and compliance with relevant laws.",compliance
Will my identity be revealed if I use the anonymous reporting form?,"No, your identity will be protected to the fullest extent possible. The organization treats all reports with strict confidentiality and only discloses information if it is necessary for a thorough investigation or required by law.",compliance
What measures are in place to ensure confidentiality in anonymous reporting?,"To ensure confidentiality, organizations use secure online forms or suggestion boxes for anonymous submissions. Access to reports is restricted to authorized personnel, and all information is handled in accordance with privacy policies and applicable laws.",compliance
Can I submit a report without providing my name?,"Yes, you can submit a report anonymously using the provided online form or suggestion box. You are not required to provide your name or any identifying information.",compliance
What happens after I submit an anonymous report?,"After you submit an anonymous report, the organization will review the information and conduct a thorough investigation if necessary. Your identity will remain confidential throughout the process, unless disclosure is required by law.",compliance
Are there any legal limitations to keeping whistleblowers anonymous?,"While organizations strive to protect the identity of whistleblowers, there may be legal requirements that necessitate disclosure during investigations or legal proceedings. However, such disclosures are minimized and only made when absolutely necessary.",compliance
Why is it important to have an anonymous reporting system in place?,"An anonymous reporting system encourages individuals to report concerns or misconduct without fear of retaliation. It helps organizations identify and address issues early, promotes transparency, and fosters a culture of accountability and trust.",compliance
What is the process followed after a whistleblower report is received?,"Upon receiving a whistleblower report, the process typically involves several steps: First, the report is acknowledged within 5 working days if possible. Next, a preliminary review is conducted by the designated authority, such as Senior HR, the CEO, or an appointed committee, to assess the validity and seriousness of the concern. If the issue warrants further action, a detailed investigation is initiated, which may include interviews, document reviews, and consultations with relevant parties. Based on the findings, appropriate corrective or disciplinary actions are taken. The whistleblower is then informed of the outcome, while respecting legal and confidentiality requirements.",compliance
How soon will a whistleblower report be acknowledged after submission?,"A whistleblower report will be acknowledged within 5 working days of its receipt, whenever possible.",compliance
Who is responsible for conducting the preliminary review of a whistleblower report?,"The preliminary review of a whistleblower report is conducted by the designated authority, which could be the Senior HR, the CEO, or an appointed committee.",compliance
What happens if a whistleblower report is found to be valid and serious after the preliminary review?,"If a whistleblower report is found to be valid and serious after the preliminary review, a formal investigation is initiated. This investigation may involve conducting interviews, reviewing relevant documents, and consulting with involved parties to gather all necessary information.",compliance
What actions are taken after the investigation of a whistleblower report is completed?,"After the investigation is completed, appropriate corrective or disciplinary actions are taken based on the findings. The whistleblower is also informed of the outcome, as much as possible within the limits of legal and confidentiality requirements.",compliance
Will the whistleblower always be informed of the outcome of their report?,"The whistleblower will be informed of the outcome of their report, subject to legal and confidentiality constraints. This means that while efforts are made to keep the whistleblower updated, some details may not be disclosed to protect privacy or comply with legal requirements.",compliance
Can you summarize the main steps in the whistleblower investigation process?,"Certainly. The main steps in the whistleblower investigation process are: 1) Acknowledgement of the report within 5 working days; 2) Preliminary review by the designated authority to assess validity and seriousness; 3) Detailed investigation if necessary, involving interviews and document reviews; 4) Taking corrective or disciplinary action based on findings; and 5) Informing the whistleblower of the outcome, within legal and confidentiality limits.",compliance
What is Hearthstone' policy on retaliation against employees who report concerns?,"Hearthstone strictly prohibits any form of retaliation, harassment, or adverse action against individuals who report concerns in good faith. Any retaliation is considered a serious violation and may result in disciplinary action, including termination.",compliance
"If someone at Hearthstone reports a concern, can they be punished or harassed for it?","No, Hearthstone does not allow any punishment, harassment, or adverse action against individuals who report concerns in good faith. Retaliation is strictly prohibited and can lead to disciplinary measures, including termination.",compliance
What happens if someone retaliates against a whistleblower at Hearthstone?,"If someone retaliates against a whistleblower at Hearthstone, it is treated as a serious violation of company policy. Such actions may result in disciplinary action, up to and including termination of employment.",compliance
Does Hearthstone protect employees who report issues in good faith?,"Yes, Hearthstone protects employees who report issues in good faith by strictly prohibiting any form of retaliation, harassment, or adverse action against them.",compliance
What does 'good faith' mean in the context of reporting concerns at Hearthstone?,"'Good faith' means that the individual genuinely believes the information they are reporting is true and is raising the concern with honest intentions, not for malicious or dishonest reasons.",compliance
Can an employee be terminated for retaliating against someone who reported a concern at Hearthstone?,"Yes, an employee who retaliates against someone for reporting a concern in good faith may face disciplinary action, including termination, as per Hearthstone' policy.",compliance
"If I report a concern at Hearthstone, what protections do I have?","If you report a concern at Hearthstone in good faith, you are protected from any form of retaliation, harassment, or adverse action. The company treats any retaliation as a serious violation and may take disciplinary action, including termination, against those responsible.",compliance
What happens if someone deliberately misuses the whistleblower mechanism or makes false allegations?,Deliberate misuse of the whistleblower mechanism or knowingly making false allegations is strictly prohibited. Such actions may result in disciplinary action against the individual responsible.,compliance
Is it allowed to make a false report using the whistleblower system?,"No, making a false report or deliberately misusing the whistleblower system is not allowed. Doing so can lead to disciplinary measures.",compliance
What are the consequences of knowingly making false allegations through the whistleblower process?,"Knowingly making false allegations through the whistleblower process is a serious violation and may result in disciplinary action, which could include warnings, suspension, or even termination, depending on the severity of the misconduct.",compliance
Can someone be punished for abusing the whistleblower mechanism?,"Yes, anyone found to be abusing the whistleblower mechanism or making false allegations intentionally may face disciplinary action as per company policy.",compliance
"If a person unintentionally makes a false report as a whistleblower, will they be disciplined?","If a false report is made unintentionally and without malicious intent, disciplinary action is generally not taken. The policy is aimed at preventing deliberate misuse or knowingly false allegations.",compliance
Why is it important to prohibit deliberate misuse of the whistleblower mechanism?,"Prohibiting deliberate misuse of the whistleblower mechanism is important to maintain the integrity of the reporting process, protect individuals from false accusations, and ensure that genuine concerns are addressed appropriately.",compliance
What should someone do if they suspect the whistleblower system is being misused?,"If someone suspects that the whistleblower system is being misused or that false allegations are being made, they should report their concerns to the appropriate authority or compliance officer within the organization for investigation.",compliance
What does it mean when a policy states it will be reviewed periodically?,"When a policy states it will be reviewed periodically, it means that the organization will regularly examine and assess the policy to ensure it remains effective and compliant with current laws and regulations. Updates or changes may be made as needed based on these reviews.",general
Why is it important to update policies to ensure compliance with legal requirements?,"Updating policies to ensure compliance with legal requirements is important because laws and regulations can change over time. Regular updates help organizations avoid legal penalties, maintain good standing, and ensure that their practices align with current legal standards.",general
How often should a policy be reviewed to ensure its effectiveness?,"The frequency of policy reviews can vary depending on the organization and the nature of the policy. However, it is common practice to review policies annually or whenever there are significant changes in relevant laws, regulations, or organizational operations.",general
What could happen if an organization fails to review and update its policies regularly?,"If an organization fails to review and update its policies regularly, it risks non-compliance with current laws, which can lead to legal penalties, reputational damage, and operational inefficiencies. Outdated policies may also fail to address new risks or organizational changes.",general
Can you give an example of a situation where a policy review led to important changes?,"Certainly. For example, after new data privacy regulations such as the GDPR were introduced, many organizations reviewed and updated their data protection policies. This led to important changes, such as implementing stricter data handling procedures and providing additional training to staff to ensure compliance with the new legal requirements.",general
Who should I contact if I have questions about the policy?,"For any queries regarding the policy, you should contact hr@kreedalabs.com.",general
Is there an email address for policy-related questions at Hearthstone?,"Yes, for any policy-related questions at Hearthstone, you can email hr@kreedalabs.com.",general
How can I get more information about the company's policy?,"To get more information about the company's policy, you can contact the HR department at hr@kreedalabs.com.",general
What should I do if I have concerns about the policy?,"If you have concerns about the policy, you should reach out to hr@kreedalabs.com for assistance.",compliance
Is there a specific department to contact for policy inquiries?,"Yes, for policy inquiries, you should contact the HR department at hr@kreedalabs.com.",general
"Can I call someone for questions about the policy, or is email preferred?",The preferred method for policy-related questions is to email hr@kreedalabs.com.,general
Where can I direct my questions about the company's policy?,You can direct your questions about the company's policy to hr@kreedalabs.com.,general
How can a company ensure it delivers solutions that meet client needs and exceed expectations?,"A company can ensure it delivers solutions that meet client needs and exceed expectations by thoroughly understanding client requirements, maintaining open communication throughout the project, regularly seeking feedback, and proactively identifying opportunities to add value. Additionally, exceeding expectations often involves delivering results ahead of schedule, providing innovative solutions, or offering exceptional customer service.",general
"Why is transparent communication about project status, risks, and deliverables important in client relationships?","Transparent communication about project status, risks, and deliverables is crucial because it builds trust between the company and the client. It ensures that clients are always informed about progress, potential challenges, and any changes to the project scope or timeline. This openness allows for collaborative problem-solving and helps manage expectations, reducing the likelihood of misunderstandings or dissatisfaction.",general
What are some effective ways to address client concerns and feedback promptly?,"Effective ways to address client concerns and feedback promptly include establishing clear channels for communication, responding quickly to inquiries, actively listening to the client's issues, and providing timely solutions or updates. Documenting feedback and following up to ensure the client is satisfied with the resolution also demonstrates commitment to continuous improvement.",general
How does promptly addressing client feedback contribute to continuous improvement?,"Promptly addressing client feedback allows a company to identify areas for improvement in its products, services, or processes. By acting on this feedback, the company can make necessary adjustments, prevent recurring issues, and enhance overall client satisfaction. This ongoing cycle of feedback and improvement fosters a culture of excellence and adaptability.",general
Can you give examples of transparent communication in project management?,"Examples of transparent communication in project management include providing regular status updates to clients, sharing risk assessments and mitigation plans, openly discussing any delays or changes in deliverables, and making project documentation accessible to all stakeholders. This approach ensures everyone is aligned and can make informed decisions.",general
What are the benefits of exceeding client expectations in business relationships?,"Exceeding client expectations can lead to increased client loyalty, positive word-of-mouth referrals, and a stronger reputation in the market. Satisfied clients are more likely to return for future business and recommend the company to others, which can drive growth and long-term success.",general
How can a company foster a culture of continuous improvement based on client feedback?,"A company can foster a culture of continuous improvement by encouraging employees to actively seek and value client feedback, integrating feedback mechanisms into business processes, and regularly reviewing and acting on suggestions. Recognizing and rewarding improvements based on client input also motivates teams to prioritize ongoing enhancement of products and services.",general
How does your company promote respect in the workplace?,"Our company promotes respect in the workplace by fostering a culture of diversity and inclusion. We strictly prohibit discrimination, harassment, and bullying in any form. Additionally, we value diverse perspectives, promote equal opportunities for all employees, and encourage open dialogue and mutual respect among team members.",conduct
What measures are in place to prevent harassment and discrimination at work?,"To prevent harassment and discrimination, we have clear policies that prohibit such behaviors in any form. We also provide regular training to employees, encourage reporting of incidents, and ensure that all complaints are investigated promptly and thoroughly.",conduct
How does your company ensure equal opportunities for all employees?,"We ensure equal opportunities by implementing fair hiring practices, providing ongoing training and development, and regularly reviewing our policies to eliminate bias. We also encourage diverse perspectives and support career advancement for all employees.",conduct
What steps are taken to encourage open dialogue among team members?,"We encourage open dialogue by creating safe spaces for communication, holding regular team meetings, and promoting a feedback-friendly environment. Employees are encouraged to share their ideas and concerns, and management is trained to listen actively and respond constructively.",conduct
Why is valuing diverse perspectives important in the workplace?,"Valuing diverse perspectives is important because it leads to more innovative solutions, better decision-making, and a more inclusive environment. It helps employees feel respected and valued, which can improve morale and productivity.",conduct
What should I do if I witness bullying at work?,"If you witness bullying at work, you should report the incident to your supervisor or human resources department as soon as possible. Our company takes all reports seriously and will investigate promptly to ensure a respectful and safe workplace.",compliance
How does your company support inclusion among employees?,"We support inclusion by offering diversity training, celebrating cultural events, and ensuring that all employees have equal access to opportunities and resources. We also encourage team-building activities that foster understanding and collaboration among employees from different backgrounds.",conduct
What does it mean for a company to have social and environmental responsibility?,"Social and environmental responsibility means that a company actively seeks to make a positive impact on society and the environment. This includes supporting community initiatives and social causes that align with the company's values, minimizing its environmental footprint through sustainable business practices, and promoting ethical sourcing and responsible management of resources.",general
How can a business minimize its environmental footprint?,"A business can minimize its environmental footprint by adopting sustainable practices such as reducing waste, conserving energy and water, using renewable resources, recycling materials, and implementing eco-friendly technologies. Additionally, companies can encourage responsible consumption and production throughout their supply chains.",general
What are some examples of supporting community initiatives?,"Examples of supporting community initiatives include sponsoring local events, volunteering for charitable organizations, providing scholarships or educational programs, partnering with non-profits, and contributing to disaster relief efforts. These actions help strengthen community ties and demonstrate a company's commitment to social responsibility.",general
What is ethical sourcing and why is it important?,"Ethical sourcing refers to obtaining materials and products in a way that respects human rights, fair labor practices, and environmental standards. It is important because it ensures that suppliers operate responsibly, workers are treated fairly, and negative impacts on the environment are minimized. Ethical sourcing helps build trust with consumers and supports sustainable development.",general
How does responsible resource management benefit a company?,"Responsible resource management benefits a company by reducing costs, improving efficiency, and minimizing waste. It also enhances the company's reputation, attracts environmentally conscious customers, and helps ensure long-term sustainability by preserving resources for future use.",general
Can you explain how promoting ethical sourcing aligns with a company's values?,"Promoting ethical sourcing aligns with a company's values by demonstrating a commitment to fairness, integrity, and social responsibility. It shows that the company prioritizes ethical considerations in its business decisions, supports suppliers who uphold similar standards, and contributes positively to society and the environment.",general
Why is it important for companies to support social causes?,"It is important for companies to support social causes because it helps address societal challenges, fosters goodwill within communities, and strengthens stakeholder relationships. Supporting social causes also enhances a company's public image, attracts socially conscious customers and employees, and contributes to a more equitable and sustainable society.",general
What are employees and stakeholders expected to do regarding reporting and accountability according to the code?,"Employees and stakeholders are expected to promptly report any suspected violations of the code or applicable laws, cooperate fully with investigations while maintaining confidentiality, and understand that violations may result in disciplinary action, up to and including termination.",compliance
What happens if someone violates the code or applicable laws?,"If someone violates the code or applicable laws, they may face disciplinary action, which can include termination of employment.",compliance
How should employees handle investigations related to code violations?,Employees should cooperate fully with investigations and maintain confidentiality throughout the process.,compliance
Is confidentiality important during investigations of code violations?,"Yes, maintaining confidentiality is crucial during investigations to protect the integrity of the process and the privacy of those involved.",compliance
Who is responsible for reporting suspected violations of the code?,All employees and stakeholders are responsible for reporting any suspected violations of the code or applicable laws.,compliance
What should I do if I suspect a violation of the code?,"If you suspect a violation of the code, you should report it promptly through the appropriate channels as outlined by your organization.",compliance
Why is it important for employees to cooperate with investigations?,"Cooperating with investigations ensures that any suspected violations are thoroughly examined, helps maintain a fair and ethical workplace, and supports the enforcement of the code of conduct.",compliance
"What does it mean when a company says they are committed to regularly reviewing and updating their Code to reflect evolving legal requirements, industry standards, and stakeholder expectations?","When a company states this commitment, it means they will periodically assess and revise their Code of Conduct or similar policies. This ensures the Code stays current with changes in laws, best practices within the industry, and the expectations of customers, employees, and other stakeholders. The goal is to maintain ethical standards and legal compliance as circumstances change over time.",general
Why is it important for a company to update its Code of Conduct regularly?,"Regularly updating a Code of Conduct is important because laws and regulations can change, industry standards may evolve, and stakeholder expectations can shift. By keeping the Code current, a company ensures it remains compliant, maintains its reputation, and fosters a culture of integrity and responsibility.",general
How often should a company review its Code of Conduct?,"There is no universal rule, but many companies review their Code of Conduct annually or whenever there are significant changes in laws, regulations, or industry standards. Regular reviews help ensure the Code remains relevant and effective.",general
What are some examples of evolving legal requirements that might prompt a company to update its Code?,"Examples of evolving legal requirements include new data privacy laws, changes in labor regulations, updated anti-discrimination statutes, or new environmental protection rules. When such laws are enacted or amended, companies may need to update their Code to ensure compliance.",general
How do stakeholder expectations influence updates to a company's Code?,"Stakeholder expectations, such as those from employees, customers, investors, and the community, can influence updates to a company's Code. If stakeholders demand higher standards for ethical behavior, transparency, or social responsibility, the company may revise its Code to address these concerns and maintain trust.",general
What role do industry standards play in shaping a company's Code of Conduct?,"Industry standards represent the accepted norms and best practices within a particular sector. Companies often align their Code of Conduct with these standards to ensure they are competitive, meet customer expectations, and avoid legal or reputational risks. Adhering to industry standards can also demonstrate a commitment to quality and ethical behavior.",general
"If a company fails to update its Code of Conduct, what potential risks could it face?","If a company does not update its Code of Conduct, it risks non-compliance with new laws, falling behind industry standards, and disappointing stakeholders. This can lead to legal penalties, loss of reputation, decreased employee morale, and loss of customer trust.",general
What does it mean when a company requires acknowledgement of its Code of Business Conduct?,"When a company requires acknowledgement of its Code of Business Conduct, it means that all employees, partners, and stakeholders must formally confirm that they have read, understood, and agree to follow the ethical guidelines and standards set out in the code. This process helps ensure everyone is aware of their responsibilities and the company's expectations regarding ethical behavior.",general
Why is training provided for the Code of Business Conduct?,"Training is provided to help employees, partners, and stakeholders understand the Code of Business Conduct, recognize ethical dilemmas, and make informed decisions. It ensures that everyone is equipped with the knowledge and resources needed to comply with the code and uphold the company's ethical standards.",general
What happens if someone does not acknowledge the Code of Business Conduct?,"If someone does not acknowledge the Code of Business Conduct, they may not be permitted to continue their employment or partnership with the company. Acknowledgement is often a mandatory requirement to ensure that all individuals are committed to ethical practices and compliance with company policies.",compliance
How does the company support ethical decision-making?,"The company supports ethical decision-making by providing training, resources, and guidance related to the Code of Business Conduct. This may include workshops, online modules, access to ethics officers, and clear procedures for reporting concerns or seeking advice on ethical issues.",conduct
Are partners and stakeholders also required to follow the Code of Business Conduct?,"Yes, partners and stakeholders are typically required to acknowledge and adhere to the company's Code of Business Conduct. This ensures that everyone associated with the company upholds the same ethical standards and contributes to a culture of integrity.",conduct
What resources are usually provided to help with compliance?,"Resources provided to help with compliance may include detailed documentation of the Code of Business Conduct, training sessions, frequently asked questions, access to legal or ethics advisors, and reporting mechanisms for ethical concerns or violations.",general
Can you explain the importance of acknowledging the Code of Business Conduct?,"Acknowledging the Code of Business Conduct is important because it demonstrates a personal commitment to ethical behavior and compliance with company policies. It helps create a transparent and accountable work environment, reduces the risk of misconduct, and protects the company's reputation.",general
How can I report an ethics concern at Hearthstone?,"To report an ethics concern at Hearthstone, you can contact the Ethics & Compliance Office by emailing ethics@kreedalabs.com.",compliance
Who should I reach out to if I have questions about compliance at Hearthstone?,"If you have questions about compliance at Hearthstone, you should contact the Ethics & Compliance Office at ethics@kreedalabs.com.",compliance
Is there a specific email for reporting ethical issues at Hearthstone?,"Yes, you can report ethical issues at Hearthstone by emailing the Ethics & Compliance Office at ethics@kreedalabs.com.",compliance
What is the contact information for the Hearthstone Ethics & Compliance Office?,The contact information for the Hearthstone Ethics & Compliance Office is ethics@kreedalabs.com.,compliance
How do I get in touch with Hearthstone about an ethical concern?,"To get in touch with Hearthstone about an ethical concern, email the Ethics & Compliance Office at ethics@kreedalabs.com.",compliance
Where can I send my questions regarding ethics at Hearthstone?,You can send your questions regarding ethics at Hearthstone to the Ethics & Compliance Office at ethics@kreedalabs.com.,compliance
"If I want to report a compliance issue at Hearthstone, what should I do?","If you want to report a compliance issue at Hearthstone, you should contact the Ethics & Compliance Office by emailing ethics@kreedalabs.com.",compliance
What does it mean when a code states it is effective as of 01st January 2025 and supersedes all previous versions?,"When a code specifies that it is effective as of 01st January 2025 and supersedes all previous versions, it means that the rules, regulations, or guidelines outlined in this code will officially apply starting from that date. Any earlier versions of the code are no longer valid or enforceable after this date, and only the new version should be followed.",general
Why do organizations specify an effective date and mention that a code supersedes previous versions?,"Organizations specify an effective date to clearly indicate when the new rules or policies come into force. Mentioning that a code supersedes previous versions ensures there is no confusion about which version is applicable, and it helps maintain clarity and consistency in compliance and enforcement.",general
"If a dispute arises before 01st January 2025, which version of the code applies?","If a dispute arises before 01st January 2025, the previous version of the code would apply. The new code only governs actions and decisions from its effective date onward.",general
What should organizations do to ensure everyone is aware of the new code's effective date?,"Organizations should communicate the new code and its effective date through official channels such as emails, internal memos, meetings, or postings on their website. Providing training or informational sessions can also help ensure that all stakeholders are aware of the changes and the date they take effect.",general
Can a code be amended after it becomes effective?,"Yes, a code can be amended after it becomes effective. If changes are made, the organization will typically issue a new version with a new effective date, and the updated code will supersede the previous one.",general
What happens if someone follows the old code after the new one becomes effective?,"If someone follows the old code after the new one becomes effective, they may be considered non-compliant with the current rules. It is important to adhere to the most recent version of the code to avoid potential penalties or disciplinary actions.",conduct
How can someone access previous versions of a code if needed for reference?,"Previous versions of a code are often archived by the organization for reference or legal purposes. You can usually request access from the organization's administrative office, legal department, or through their official website if they provide an archive section.",general
What is the process for informing about planned and unplanned leaves in our company?,"For planned leaves, you must inform the 'Leave Plans' channel at least a week in advance and obtain approval from your manager to ensure proper workload distribution. For unplanned sick leave, update the 'Leave Plans' channel between 9:30 to 10 AM or before your scrum, whichever is earlier.",leave
How should I communicate if I need to take a short break or will be away from my desk for a while during the workday?,"If you need to take a short-term break, such as a 1–2-hour absence, a late start, or if you will be away from your keyboard for some time, you should update the 'Office Availability' channel. Additionally, update your status on MS Teams to reflect your availability, such as 'Be Right Back' for short breaks or 'Away with a status message' during lunch.",leave
What are the expectations regarding daily scrum meetings and status updates on MS Teams?,"Attendance at daily scrum meetings is compulsory. If you are unable to attend, you must inform the project manager in advance. On MS Teams, set your status to 'Available' when working, 'Be Right Back' for short breaks (10–15 minutes), 'Away with a status message' during lunch, and 'Offline with a status message' if logging out for the day or on leave.",conduct
"If I am taking leave for more than two days, is there anything specific I need to do?","Yes, if you are taking leave for two or more days, you should schedule an out-of-office message, such as 'Unavailable as I will be traveling,' to inform your colleagues of your extended absence.",leave
What criteria are used to evaluate employee performance in our company?,"Employee performance is evaluated based on ownership, adherence to timelines, and quality of work; initiative, dedication, and teamwork; upskilling efforts and work knowledge; communication (especially on Teams), personality, and punctuality; past performance reviews and improvements; and acceptance of responsibility and constructive feedback.",general
"What are the official communication guidelines, and how quickly should I respond to messages and emails?","Official communication should be conducted on MS Teams. In emergencies, you may use alternate channels like WhatsApp or phone. For emails, acknowledge receipt within one hour and respond within one business day. For Teams messages, respond within 10 minutes during working hours.",conduct
"If I have an emergency and cannot use MS Teams, what should I do?","In case of an emergency where you cannot use MS Teams, you should use alternate communication channels such as WhatsApp or phone to inform your team or manager as soon as possible.",conduct
What are the guidelines for leave reporting and availability updates in a remote work policy?,"Employees are required to inform their reporting manager and update the HR portal in advance for any planned leave or absence. In the case of unplanned leave, such as a medical emergency, employees should notify their manager as soon as possible via call or message. Additionally, employees are expected to update their status on internal communication tools like Slack or Teams if they are temporarily unavailable during working hours. Regular absenteeism or failure to report leave may affect eligibility for work-from-home or hybrid arrangements.",leave
How should employees ensure workspace and data security while working from home?,"Employees must maintain a safe, quiet, and professional workspace at home, free from distractions. All company data and confidential information should be handled securely, following the organization's IT and data protection policies. It is mandatory to use company-provided devices for official work, and personal devices should not be used to access sensitive company data. Employees must not share passwords or allow unauthorized individuals to access company systems.",conduct
What are the communication and collaboration expectations for remote employees?,"Remote employees are expected to be reachable via phone, email, and internal chat during working hours. Attendance at scheduled meetings, whether virtual or in-person, is mandatory unless excused by the manager. Employees should proactively communicate their progress, challenges, and support needs to their team and manager. All work-related communication and document sharing should be conducted using approved collaboration tools such as Google Workspace, Slack, or Zoom.",conduct
How is employee performance monitored and reviewed in a remote or hybrid work setting?,Managers set clear deliverables and key performance indicators (KPIs) for each employee. Regular check-ins and performance reviews are conducted to assess output and address any concerns. Consistent underperformance or lack of communication may lead to a review of the employee's eligibility for work-from-home or hybrid arrangements.,general
What should an employee do if they need to take an unplanned leave due to a medical emergency?,"In the event of an unplanned leave, such as a medical emergency, the employee should notify their manager as soon as possible, preferably via call or message. This ensures that the manager is aware of the absence and can make necessary arrangements.",leave
Are there any restrictions on device usage for accessing company data while working remotely?,"Yes, employees are required to use company-provided devices for all official work. Personal devices should not be used to access sensitive company data to ensure data security and compliance with company policies.",conduct
How are exceptions to the remote work policy handled?,Any exceptions to the remote work policy guidelines require written approval from management. The policy is reviewed periodically and updated as needed to address changing requirements or circumstances.,general
What are the consequences of violating the WFH policy at Hearthstone?,"At Hearthstone, violating the Work From Home (WFH) policy can result in a series of escalating consequences. The first instance of non-compliance may lead to a verbal or written warning. If violations continue, the second instance can result in a temporary suspension of WFH privileges. A third violation may lead to the permanent revocation of WFH privileges, requiring the employee to work from the office. Examples of policy violations include missing meetings without prior notice, being repeatedly unresponsive during working hours, frequent delays in completing tasks, or unauthorized absences.",compliance
What actions are considered violations of the WFH policy at Hearthstone?,"Violations of the WFH policy at Hearthstone include failure to attend meetings without prior intimation, repeated unresponsiveness during working hours, frequent delays in task completion or missing deadlines, and unauthorized absences or misuse of WFH privileges. These actions can lead to disciplinary measures as outlined in the company's policy.",conduct
How does Hearthstone support employee well-being and work-life balance in its WFH policy?,Hearthstone encourages employees to take short breaks to maintain productivity and avoid burnout. The company advises managing workloads effectively and reaching out to HR for mental health support or guidance if needed. These measures are designed to promote a healthy work-life balance while working remotely.,leave
"If I repeatedly miss deadlines while working from home at Hearthstone, what could happen?","If you repeatedly miss deadlines while working from home at Hearthstone, it is considered a violation of the WFH policy. The first instance may result in a verbal or written warning. Continued violations could lead to temporary suspension of your WFH privileges, and further non-compliance may result in permanent revocation of WFH privileges, requiring you to work from the office.",compliance
What should I do if I feel overwhelmed or stressed while working remotely at Hearthstone?,"If you feel overwhelmed or stressed while working remotely at Hearthstone, you are encouraged to take short breaks to help maintain productivity and prevent burnout. Additionally, you should reach out to the HR department for mental health support or guidance. The company prioritizes employee well-being and offers resources to help manage stress.",leave
What is the overall approach of Hearthstone towards remote work?,"Hearthstone emphasizes trust, flexibility, and accountability in its approach to remote work. The company aims to create a productive, secure, and balanced WFH or hybrid environment. Employees are encouraged to adhere to guidelines, communicate effectively, and maintain a healthy work-life balance for a seamless remote working experience.",general
"If I am unable to attend a meeting while working from home, what should I do to avoid violating the policy?","If you are unable to attend a meeting while working from home at Hearthstone, you should inform the relevant parties in advance. Providing prior intimation helps you stay compliant with the WFH policy and avoids it being considered a violation.",leave
Who drafted the policy at Hearthstone?,The policy at Hearthstone was drafted by the Senior HR.,general
Who approved the policy at Hearthstone?,"The policy at Hearthstone was approved by Mr. Saurabh Bhansali, who is the Founder and CEO of the company.",general
Can you tell me the role of Mr. Saurabh Bhansali at Hearthstone?,Mr. Saurabh Bhansali is the Founder and CEO of Hearthstone.,general
Is the policy at Hearthstone approved by the CEO?,"Yes, the policy at Hearthstone is approved by the CEO, Mr. Saurabh Bhansali.",general
Who is responsible for drafting policies at Hearthstone?,"At Hearthstone, the Senior HR is responsible for drafting policies.",general
What is the process for policy approval at Hearthstone?,"At Hearthstone, policies are drafted by the Senior HR and then approved by the Founder and CEO, Mr. Saurabh Bhansali.",general
"If I want to know who approved a specific policy at Hearthstone, whom should I refer to?","For policy approvals at Hearthstone, you should refer to Mr. Saurabh Bhansali, the Founder and CEO, as he is responsible for approving policies.",general
What is a self-declaration in the context of policy compliance?,"A self-declaration in the context of policy compliance is a formal statement made by an individual affirming that they have read, understood, and agree to abide by the terms and conditions outlined in a specific policy. This declaration is often required by organizations to ensure that all members are aware of and committed to following established guidelines.",general
Why do organizations require self-declarations from employees or members?,"Organizations require self-declarations to ensure that employees or members acknowledge their understanding of important policies and agree to comply with them. This process helps mitigate risks, promotes accountability, and provides a record that individuals have been informed about their responsibilities.",general
Is a self-declaration legally binding?,"A self-declaration is not typically a legally binding contract, but it does serve as an official record of an individual's acknowledgment and commitment to follow a policy. In some cases, repeated violations after making a self-declaration can be used as evidence in disciplinary or legal proceedings.",general
What information is usually included in a self-declaration statement?,"A self-declaration statement usually includes the individual's name, a statement confirming that they have read and understood the policy, an agreement to comply with the policy's terms, the date, and the individual's signature or digital acknowledgment.",general
How often should self-declarations be renewed or updated?,"The frequency of renewing or updating self-declarations depends on the organization's policies. Some organizations require annual renewals, while others may only require updates when significant changes are made to the policy or when a new member joins.",general
Can a self-declaration be submitted electronically?,"Yes, self-declarations can be submitted electronically. Many organizations use digital forms or online platforms to collect and store self-declarations, making the process more efficient and easier to track.",general
What happens if someone fails to submit a required self-declaration?,"If someone fails to submit a required self-declaration, they may be restricted from certain activities, denied access to resources, or subject to disciplinary action, depending on the organization's policies. Submission of the self-declaration is often a prerequisite for participation or continued membership.",compliance
How will my performance be monitored while working from home?,"Your performance will be monitored through regular performance reviews to ensure productivity and alignment with company goals. Constructive feedback will be provided, and you are encouraged to seek clarification or support whenever needed. Consistent underperformance or violation of work-from-home guidelines may result in disciplinary action, including the possible revocation of WFH privileges.",general
What happens if I consistently underperform while working remotely?,"If you consistently underperform while working remotely, it may lead to disciplinary action. This could include the revocation of your work-from-home privileges, depending on the severity and frequency of the underperformance. Regular feedback and support will be provided to help you improve before any such measures are taken.",compliance
Will I receive feedback about my work when working from home?,"Yes, you will receive constructive feedback about your work during regular performance reviews. The goal is to help you stay productive and aligned with your objectives. You are also encouraged to ask for clarification or support whenever you need it.",general
Can I ask for help if I don't understand the feedback given during my performance review?,Absolutely. Employees are encouraged to seek clarification or support if they do not understand the feedback provided during performance reviews. Open communication is important to ensure you can address any concerns and improve your performance.,general
How often will performance reviews be conducted for remote employees?,"Performance reviews for remote employees will be conducted regularly. The specific frequency may vary depending on company policy, but the intent is to ensure ongoing productivity and alignment with organizational goals.",general
What kind of disciplinary actions can be taken if I violate WFH guidelines?,"If you violate work-from-home guidelines, disciplinary actions may include warnings, additional training, or in more serious cases, the revocation of your WFH privileges. The exact action will depend on the nature and frequency of the violation.",compliance
Is it possible to lose my work-from-home privileges?,"Yes, it is possible to lose your work-from-home privileges if you consistently underperform or violate WFH guidelines. However, you will receive feedback and opportunities to improve before such measures are taken.",compliance
What is the company's policy on returning assets after employment ends?,The company's policy requires that all company-provided equipment and assets be returned in good condition upon termination of employment or when requested by the company. This must be done within the stipulated time frame.,general
What happens if I don't return company assets after leaving my job?,"If you fail to return company assets after your employment ends, the company may take legal action or deduct the value of the unreturned assets from your final settlement.",compliance
Do I need to return company equipment in a specific condition?,"Yes, all company-provided equipment and assets must be returned in good condition, as specified by the company's policy.",general
Is there a deadline for returning company assets after my employment ends?,"Yes, company assets must be returned within the stipulated time frame set by the company, typically outlined in your exit process or employment agreement.",general
Can the company deduct money from my final paycheck if I don't return their equipment?,"Yes, the company may deduct the value of any unreturned assets from your final settlement if you fail to return them as required.",compliance
What types of legal action can the company take if I don't return their assets?,"If you do not return company assets, the company may pursue legal action to recover the property or its value, which could include filing a civil lawsuit or reporting the matter to authorities, depending on the circumstances.",compliance
"If I accidentally damage company equipment before returning it, what should I do?","If you accidentally damage company equipment, you should promptly inform your employer. The company may assess the damage and determine if repair or replacement costs will be deducted from your final settlement, as per company policy.",general
How often is the Work From Home (WFH) policy reviewed and can it be changed?,The Work From Home (WFH) policy is subject to periodic review and may be amended as per business requirements. This means the company regularly evaluates the policy and can make changes when necessary to align with organizational needs.,general
Will employees be informed if there are any changes to the WFH policy?,"Yes, employees will be notified in advance of any changes to the Work From Home (WFH) policy. This ensures that all staff are aware of updates and can prepare accordingly.",general
Why does the company periodically review the WFH policy?,The company periodically reviews the Work From Home (WFH) policy to ensure it remains aligned with evolving business requirements and operational needs. Regular reviews help maintain the policy's relevance and effectiveness.,general
"If the WFH policy is amended, how will I be notified?","If the Work From Home (WFH) policy is amended, you will be notified in advance. Notification methods may include email, internal memos, or updates on the company intranet, depending on your organization's communication practices.",general
Can the WFH policy change without notice?,"No, the WFH policy cannot change without notice. Employees will always be informed in advance of any amendments to the policy.",general
What should I do if I have concerns about a new amendment to the WFH policy?,"If you have concerns about a new amendment to the WFH policy, you should reach out to your HR department or direct supervisor. They can provide clarification and address any questions you may have regarding the changes.",general
Are employees involved in the review process of the WFH policy?,"Typically, the review process for the WFH policy is conducted by management or HR. However, some organizations may seek employee feedback through surveys or meetings before making significant amendments. It's best to check with your HR department to understand your company's specific approach.",general
Is it mandatory for employees to acknowledge the Work From Home (WFH) policy?,"Yes, all employees are required to acknowledge that they have read, understood, and agree to comply with the Work From Home (WFH) policy.",general
What does the acknowledgement of the WFH policy involve?,"Acknowledgement of the WFH policy involves employees confirming that they have read, understood, and agree to comply with all aspects of the policy.",general
How do employees typically acknowledge the WFH policy?,"Employees typically acknowledge the WFH policy by signing a document or completing an electronic form that confirms they have read, understood, and agree to comply with the policy.",general
Why is it important for employees to acknowledge the WFH policy?,"It is important for employees to acknowledge the WFH policy to ensure they are aware of the guidelines and expectations, and to confirm their commitment to complying with the policy.",general
What happens if an employee does not acknowledge the WFH policy?,"If an employee does not acknowledge the WFH policy, they may not be permitted to work from home, as acknowledgement is required to ensure understanding and compliance with the policy.",compliance
Can an employee ask questions before acknowledging the WFH policy?,"Yes, employees are encouraged to ask questions or seek clarification about any part of the WFH policy before providing their acknowledgement.",general
Is the acknowledgement of the WFH policy a one-time requirement or does it need to be renewed?,Acknowledgement of the WFH policy is typically required when the policy is first introduced or when significant updates are made. Employees may be asked to renew their acknowledgement if the policy changes.,general
Is there a specific department responsible for handling policy-related questions?,"Yes, the HR department is responsible for handling any questions or clarifications related to company policies.",general
How can I get more information about the company's policies?,"To get more information about the company's policies, you should reach out to the HR department. They can provide detailed explanations and address any concerns you may have.",general
What should I do if I need clarification on a policy?,"If you need clarification on a policy, please contact the HR department. They are equipped to assist you with any questions or concerns regarding company policies.",general
Who do I approach for policy clarifications in the company?,"For any policy clarifications, you should approach the HR department. They are the designated point of contact for such matters.",general
"If I have a question about the employee handbook, who should I talk to?","If you have a question about the employee handbook, you should talk to the HR department. They can provide guidance and answer any questions you may have.",general
Is there a contact point for policy-related queries?,"Yes, the HR department serves as the contact point for any policy-related queries or clarifications.",general
What is the process of photosynthesis?,"Photosynthesis is the process by which green plants, algae, and some bacteria convert light energy, usually from the sun, into chemical energy in the form of glucose. This process primarily takes place in the chloroplasts of plant cells and involves the absorption of carbon dioxide and water. Using sunlight as energy, these organisms produce glucose and release oxygen as a byproduct.",general
Can you explain the difference between a comet and an asteroid?,"Certainly. Comets are icy bodies that originate from the outer regions of the solar system, such as the Kuiper Belt or Oort Cloud. When they approach the Sun, their ices vaporize, creating a glowing coma and often a visible tail. Asteroids, on the other hand, are rocky or metallic objects that mostly reside in the asteroid belt between Mars and Jupiter. Unlike comets, asteroids do not develop tails because they lack significant amounts of ice.",general
What causes tides on Earth?,"Tides on Earth are primarily caused by the gravitational pull of the Moon and, to a lesser extent, the Sun. The Moon's gravity pulls on Earth's oceans, creating a bulge of water, or high tide, on the side of Earth facing the Moon. A second, smaller bulge occurs on the opposite side due to inertia. As Earth rotates, different areas pass through these bulges, resulting in the regular rise and fall of sea levels known as tides.",general
How does a vaccine work to protect the body from diseases?,"A vaccine works by stimulating the body's immune system to recognize and fight specific pathogens, such as viruses or bacteria. It typically contains a harmless component of the pathogen, like an inactivated virus or a protein. When introduced into the body, the immune system responds by producing antibodies and memory cells. If the person is later exposed to the actual disease-causing organism, their immune system can respond more rapidly and effectively, preventing illness.",general
What is the significance of the Magna Carta in history?,"The Magna Carta, signed in 1215, is significant because it established the principle that everyone, including the king, is subject to the law. It limited the powers of the English monarch and laid the foundation for modern legal systems by guaranteeing certain rights, such as protection from illegal imprisonment and access to swift justice. The Magna Carta influenced the development of constitutional law in many countries.",general
What are the main differences between renewable and nonrenewable energy sources?,"Renewable energy sources are those that can be replenished naturally in a short period of time, such as solar, wind, hydroelectric, and geothermal energy. Nonrenewable energy sources, like coal, oil, and natural gas, are finite and take millions of years to form. Using renewable energy helps reduce greenhouse gas emissions and dependence on finite resources, while nonrenewable sources are associated with environmental pollution and depletion.",general
How does the water cycle work?,"The water cycle describes the continuous movement of water on, above, and below the surface of the Earth. It begins with evaporation, where water from oceans, lakes, and rivers turns into vapor due to the sun's heat. This vapor rises and cools, forming clouds through condensation. Eventually, the water returns to the surface as precipitation, such as rain or snow. Some of this water infiltrates the ground, replenishing groundwater, while the rest flows back into bodies of water, completing the cycle.",general
How often is this policy reviewed and updated?,This policy is reviewed annually and updated as necessary based on legal requirements and organizational feedback.,general
Who should I contact if I have questions about the policy or want to report a complaint?,"If you have any questions regarding the policy or wish to report a complaint, you should contact the Human Resources (HR) Department.",compliance
What factors are considered when updating the policy?,The policy is updated as necessary based on legal requirements and feedback from the organization.,general
"Is the policy review process fixed, or can it happen more frequently than annually?","While the policy is reviewed annually as a standard, it can also be updated more frequently if required by changes in legal requirements or organizational feedback.",general
What is the purpose of reviewing the policy every year?,The annual review ensures that the policy remains compliant with current legal standards and reflects the needs and feedback of the organization.,general
"If I want to provide feedback about the policy, how should I proceed?","To provide feedback about the policy, you should contact the HR Department, which is responsible for collecting and considering organizational feedback during policy reviews.",general
What happens after I report a complaint to HR regarding the policy?,"After you report a complaint to HR regarding the policy, the HR Department will review your concern, investigate as necessary, and take appropriate action in line with organizational procedures.",compliance
What does 'Drafted by: Reviewed & Approved by: Mrs. Anishri Masal – Gholap Mr. Saurabh Bhansali Sr. HR Executive Founder & CEO 20th March 2025 30th March 2025' mean in a document?,"This section of a document indicates the individuals responsible for drafting and approving the document. 'Drafted by' refers to Mrs. Anishri Masal – Gholap, who is the Senior HR Executive and prepared the document on 20th March 2025. 'Reviewed & Approved by' refers to Mr. Saurabh Bhansali, the Founder & CEO, who reviewed and approved the document on 30th March 2025. These details provide accountability and traceability for the document's creation and approval process.",general
Why are dates included next to the names in 'Drafted by' and 'Reviewed & Approved by' sections?,"Dates are included next to the names in these sections to record when the document was drafted and when it was reviewed and approved. This helps establish a clear timeline for the document's creation and approval, which is important for record-keeping, version control, and accountability.",general
What is the role of a Sr. HR Executive in drafting official documents?,"A Senior HR Executive is typically responsible for preparing and drafting official documents related to human resources, such as policies, procedures, offer letters, and internal communications. Their role ensures that the documents are accurate, comply with company policies, and meet legal requirements before being reviewed and approved by higher management.",general
Who is usually responsible for approving official company documents?,"Official company documents are usually approved by individuals in senior management positions, such as the CEO, department heads, or directors. Their approval signifies that the document has been reviewed for accuracy, compliance, and alignment with company objectives before it is finalized and implemented.",general
Can you explain the importance of having both 'Drafted by' and 'Reviewed & Approved by' sections in a document?,"Including both 'Drafted by' and 'Reviewed & Approved by' sections in a document is important for transparency and accountability. The 'Drafted by' section identifies who prepared the document, while the 'Reviewed & Approved by' section shows who has checked and authorized it. This process helps ensure the document's accuracy, compliance, and legitimacy within the organization.",general
"If a document is drafted on 20th March 2025 and approved on 30th March 2025, what does this time gap indicate?","The time gap between drafting and approval, in this case 10 days, indicates the period during which the document was likely reviewed, revised if necessary, and considered by the approving authority. This gap allows for thorough examination and ensures that the document meets all required standards before being finalized.",general
Is it necessary for the drafter and approver of a document to be different people?,"Yes, it is generally considered best practice for the drafter and approver of a document to be different individuals. This separation of duties helps maintain objectivity, ensures a thorough review process, and reduces the risk of errors or bias in official documents.",general
"How often is the POSH policy reviewed, and who is responsible for it?",The POSH policy is reviewed annually by the PCC (Presiding Complaints Committee) to ensure its effectiveness and relevance.,general
"If there are changes to the POSH policy, how will employees be informed?",Any amendments to the POSH policy will be communicated to all employees through official channels.,general
Can employees give feedback on the POSH policy?,"Yes, employees are encouraged to provide feedback on the POSH policy to support its continuous improvement.",general
Why is the POSH policy reviewed every year?,The POSH policy is reviewed annually to ensure it remains effective and relevant to the organization's needs and legal requirements.,general
What should I do if I have suggestions for improving the POSH policy?,"If you have suggestions for improving the POSH policy, you are encouraged to provide your feedback through the designated channels provided by your organization.",general
Who communicates changes in the POSH policy to employees?,"Changes in the POSH policy are communicated to employees by the organization through official channels, ensuring everyone is informed of any updates.",general
What is the role of the PCC in the POSH policy?,The PCC (Presiding Complaints Committee) is responsible for reviewing the POSH policy annually to maintain its effectiveness and relevance.,conduct
How can I get in touch with someone regarding the POSH policy at Hearthstone?,"For any queries or clarifications regarding the POSH (Prevention of Sexual Harassment) policy at Hearthstone, you can email posh@kreedalabs.com. Additionally, contact details for the POSH Committee (PCC) members are available on the company intranet.",compliance
Where can I find the contact details of the POSH Committee members at Hearthstone?,The contact details of the POSH Committee (PCC) members at Hearthstone are available on the company intranet. Please log in to the intranet to access this information.,compliance
Is there a dedicated email address for POSH-related queries at Hearthstone?,"Yes, for POSH-related queries at Hearthstone, you can use the dedicated email address: posh@kreedalabs.com.",compliance
"If I have a question about the POSH policy, who should I contact?","If you have a question about the POSH policy, you can contact the POSH Committee members whose details are listed on the company intranet, or you can email posh@kreedalabs.com for assistance.",compliance
What should I do if I need clarification on the POSH policy at Hearthstone?,"If you need clarification on the POSH policy at Hearthstone, you can reach out via email at posh@kreedalabs.com or contact any of the POSH Committee members. Their contact information is available on the company intranet.",compliance
Are the POSH Committee members' contact details publicly available?,The POSH Committee members' contact details are available to employees on the company intranet. They are not publicly available outside the organization.,compliance
How do I report a concern related to the POSH policy at Hearthstone?,"To report a concern related to the POSH policy at Hearthstone, you can email posh@kreedalabs.com or contact a POSH Committee member directly. The committee members' contact details are listed on the company intranet.",compliance
What is Hearthstone' stance on workplace safety and inclusivity?,"Hearthstone is dedicated to maintaining a safe, respectful, and inclusive workplace for all employees. The company expects strict adherence to its Prevention of Sexual Harassment (POSH) policy from everyone. Any violations of this policy are taken seriously and will be addressed in accordance with the law.",conduct
What happens if someone violates the POSH policy at Hearthstone?,"If someone violates the POSH policy at Hearthstone, the matter is treated with utmost seriousness. The company will take appropriate action in line with legal requirements to address the violation and ensure a safe and respectful workplace.",compliance
Is adherence to the POSH policy mandatory for all employees at Hearthstone?,"Yes, strict adherence to the POSH policy is mandatory for all employees at Hearthstone. The company expects everyone to comply fully to maintain a safe and inclusive work environment.",conduct
How does Hearthstone handle reports of workplace harassment?,"Hearthstone handles reports of workplace harassment with seriousness and confidentiality. All complaints are investigated thoroughly, and appropriate action is taken in accordance with the law and the company's POSH policy.",compliance
Why is the POSH policy important at Hearthstone?,"The POSH policy is important at Hearthstone because it helps create a safe, respectful, and inclusive workplace. It sets clear expectations for behavior and provides a framework for addressing and preventing sexual harassment.",conduct
What legal actions can Hearthstone take if the POSH policy is violated?,"If the POSH policy is violated, Hearthstone can take disciplinary actions as per company policy and legal requirements. This may include warnings, suspension, termination of employment, or legal proceedings, depending on the severity of the violation.",compliance
How does Hearthstone demonstrate its commitment to a respectful workplace?,"Hearthstone demonstrates its commitment to a respectful workplace by enforcing strict adherence to the POSH policy, promptly addressing any violations, and fostering an environment where all employees feel safe and included.",conduct
What does it mean when a policy states it is effective from a certain date and supersedes all previous versions?,"When a policy states it is effective from a specific date and supersedes all previous versions, it means that the policy becomes active and enforceable starting on that date. Any earlier versions of the policy are no longer valid or applicable after the new policy takes effect.",general
Why do organizations specify an effective date in their policies?,Organizations specify an effective date in their policies to clearly indicate when the rules or guidelines outlined in the policy begin to apply. This helps avoid confusion about which version of the policy is in force at any given time.,general
What does 'supersedes all previous versions' imply for employees?,'Supersedes all previous versions' means that employees should follow the most recent policy and disregard any instructions or rules from earlier versions. The new policy replaces all prior versions.,general
"If a policy is updated, do employees need to be notified about the new effective date?","Yes, it is standard practice for organizations to notify employees when a policy is updated and to communicate the new effective date. This ensures everyone is aware of when the changes take effect.",general
Can a policy be retroactively effective from a date in the past?,"Yes, sometimes organizations make a policy retroactively effective, meaning it applies from a date in the past. However, this should be clearly stated in the policy, and affected individuals should be informed about the retroactive application.",general
What should someone do if they are unsure which version of a policy applies?,"If someone is unsure which version of a policy applies, they should refer to the most recent version with the latest effective date. If there is still uncertainty, they should consult their organization's human resources or policy administrator for clarification.",general
How can organizations ensure that only the latest policy version is being followed?,"Organizations can ensure only the latest policy version is followed by distributing updated policies to all relevant parties, archiving or removing outdated versions, and providing clear communication about the effective date and changes made.",general
What is considered confidential company information according to the company's Zero Tolerance Policy?,"Confidential company information includes financial records, business strategies, employee salaries, performance evaluations, HR-related data, client details, project information, proprietary software or code, internal communications, meeting discussions, company policies, and any other sensitive information that could harm the company's interests if disclosed.",conduct
What are the possible consequences if an employee violates the Zero Tolerance Policy?,"Violating the Zero Tolerance Policy can result in disciplinary actions such as a verbal or written warning, suspension (with or without pay), demotion or reassignment, or termination of employment without notice. Investigations are conducted fairly and confidentially, following company procedures.",compliance
Can you give examples of actions that would violate the Zero Tolerance Policy?,"Examples of policy violations include sharing confidential salary or performance data to pressurize management, disrespectful or aggressive behavior towards colleagues, involvement in bribery or accepting unethical incentives, sexual harassment or inappropriate behavior, spreading false rumors that cause conflict, reporting to work under the influence of alcohol or drugs, retaliating against someone who reported a concern, and deliberately missing deadlines or refusing to cooperate with the team.",conduct
"If an employee is accused of violating the Zero Tolerance Policy, how is the investigation handled?","Investigations into policy violations are conducted fairly and confidentially, following established company procedures. This ensures due process for the accused employee while maintaining the integrity of the investigation.",compliance
Is sharing internal communications or meeting discussions with unauthorized individuals a violation of the policy?,"Yes, sharing internal communications or meeting discussions with unauthorized individuals is considered a violation of the Zero Tolerance Policy, as these are classified as confidential company information.",conduct
What should an employee do if they witness a colleague violating the Zero Tolerance Policy?,"If an employee witnesses a policy violation, they should report the incident to their supervisor, manager, or the HR department according to company procedures. The company prohibits retaliation against anyone who reports a concern in good faith.",compliance
Are there any protections for employees who report violations of the Zero Tolerance Policy?,"Yes, the policy explicitly prohibits retaliation against employees who report concerns or violations. This ensures that employees can report issues without fear of negative consequences.",compliance
How can employees report violations of the Zero Tolerance Policy at Hearthstone?,"Employees at Hearthstone can report violations of the Zero Tolerance Policy through two main channels: by sending a confidential email to hr@kreedalabs.com, or by reporting directly to the Senior HR or the CEO, either in person or in writing. All reports are reviewed by the Zero Tolerance Review Panel, which includes HR and the CEO, to ensure an impartial and timely assessment.",compliance
Who reviews the reports of Zero Tolerance Policy violations at Hearthstone?,"Reports of Zero Tolerance Policy violations at Hearthstone are reviewed by the Zero Tolerance Review Panel, which is composed of members from the HR department and the CEO. This panel ensures that all reports are assessed impartially, fairly, and in a timely manner.",compliance
Is it possible to report a Zero Tolerance Policy violation anonymously at Hearthstone?,"While the reporting channels at Hearthstone, such as the dedicated email and direct reporting to HR or the CEO, are designed to ensure confidentiality, the policy does not explicitly mention anonymous reporting. However, confidentiality is prioritized to protect the identity of the person reporting the violation.",compliance
What happens after a Zero Tolerance Policy violation is reported at Hearthstone?,"After a Zero Tolerance Policy violation is reported at Hearthstone, the report is reviewed by the Zero Tolerance Review Panel, which includes HR and the CEO. The panel conducts an impartial, fair, and timely assessment of the report to determine the appropriate course of action.",compliance
Can I report a Zero Tolerance Policy violation directly to the CEO at Hearthstone?,"Yes, at Hearthstone, employees can report Zero Tolerance Policy violations directly to the CEO, either in person or in writing. This is one of the official channels provided to ensure ease and confidentiality in reporting.",compliance
What is the purpose of the Zero Tolerance Review Panel at Hearthstone?,"The Zero Tolerance Review Panel at Hearthstone is responsible for reviewing all reports of policy violations. Its purpose is to ensure that each report is assessed impartially, fairly, and promptly, maintaining the integrity of the Zero Tolerance Policy.",compliance
"If I report a policy breach via email at Hearthstone, who will see my report?","If you report a policy breach via the dedicated email address at Hearthstone, your report will be received and reviewed by the Zero Tolerance Review Panel, which consists of members from HR and the CEO. This process is designed to maintain confidentiality and ensure a fair review.",compliance
What are the rules regarding confidential information protection at a company?,"All employees are required to protect the confidentiality of company information, client data, and proprietary materials. This includes not sharing, copying, or distributing confidential documents or data without authorization, not discussing sensitive company matters with individuals outside the organization, and not using company information for personal gain or to benefit a third party. Breaches of confidentiality are treated as serious violations and may result in immediate termination and legal action.",conduct
Can I share confidential company documents with my friends if they promise not to tell anyone?,"No, sharing confidential company documents with anyone outside the organization, regardless of their promise to keep it secret, is strictly prohibited. Such actions are considered a breach of confidentiality and can result in serious consequences, including termination and legal action.",conduct
What happens if an employee uses company information for personal gain?,"If an employee uses company information for personal gain or to benefit a third party, it is considered a serious violation of confidentiality policies. This can lead to immediate termination of employment and may also result in legal action against the employee.",conduct
Is it allowed to discuss sensitive company matters with family members?,"No, discussing sensitive company matters with individuals outside the organization, including family members, is not allowed. Protecting the confidentiality of company information is essential, and sharing such information with anyone not authorized can result in disciplinary action.",conduct
What are some examples of actions that violate confidentiality policies?,"Examples of actions that violate confidentiality policies include unauthorized sharing, copying, or distribution of confidential documents or data; discussing sensitive company matters with people outside the organization; and using company information for personal benefit or to help a third party.",conduct
"If I accidentally send a confidential file to the wrong person, what should I do?","If you accidentally send a confidential file to the wrong person, you should immediately report the incident to your supervisor or the appropriate department, such as IT or compliance. Prompt reporting can help mitigate potential risks and demonstrates your commitment to following company policies.",compliance
Why is protecting confidential information so important for a company?,"Protecting confidential information is crucial for a company because it helps maintain trust with clients, safeguards proprietary materials, and prevents unauthorized use of sensitive data. Breaches of confidentiality can lead to financial losses, legal consequences, and damage to the company's reputation.",general
What is Hearthstone' policy on substance abuse and workplace safety?,"Hearthstone enforces a strict drug-free and safe workplace policy. The company does not tolerate the possession, use, or distribution of illegal drugs or controlled substances on its premises. Additionally, employees are prohibited from reporting to work under the influence of alcohol or drugs, and engaging in unsafe practices that could endanger themselves or others is not allowed.",general
Can I bring prescription medication to work at Hearthstone?,"You may bring prescription medication to work at Hearthstone as long as it is legally prescribed to you and used according to your doctor's instructions. However, misuse or unauthorized distribution of prescription drugs is not permitted.",conduct
What happens if someone is found using illegal drugs at Hearthstone?,"If an employee is found using illegal drugs at Hearthstone, it is considered a serious violation of company policy. Disciplinary actions, which may include termination of employment, will be taken in accordance with company procedures.",compliance
Is alcohol consumption allowed during work hours at Hearthstone?,"No, alcohol consumption during work hours or reporting to work under the influence of alcohol is strictly prohibited at Hearthstone. This policy is in place to ensure a safe and productive work environment.",conduct
What should I do if I notice unsafe practices at work?,"If you observe unsafe practices at work, you should report them immediately to your supervisor or the designated safety officer. Hearthstone prioritizes workplace safety and encourages employees to speak up to prevent accidents or injuries.",compliance
Are there any exceptions to the drug-free policy for company events?,"Hearthstone maintains its drug-free policy at all times, including during company events. The use, possession, or distribution of illegal drugs or controlled substances is not permitted under any circumstances.",conduct
How does Hearthstone ensure compliance with its substance abuse and safety policies?,"Hearthstone ensures compliance with its substance abuse and safety policies through regular training, clear communication of rules, and prompt investigation of any reported violations. The company also encourages employees to report concerns and provides resources for support if needed.",general
What should employees do if they witness a violation of the Zero Tolerance Policy?,Employees are encouraged to report any violations of the Zero Tolerance Policy to their manager or the HR Department. All reports will be handled confidentially and investigated promptly.,compliance
Will my identity be kept confidential if I report a violation of the Zero Tolerance Policy?,"Yes, all reports of violations will be treated with confidentiality to protect the identity of the individual making the report.",compliance
What happens after I report a violation of the Zero Tolerance Policy?,"After a violation is reported, the matter will be investigated promptly and thoroughly by the appropriate personnel, such as your manager or the HR Department.",compliance
Can I be punished for reporting a violation of the Zero Tolerance Policy?,"No, retaliation against individuals who report violations in good faith is strictly prohibited. The company is committed to protecting employees who come forward with concerns.",compliance
Who should I contact if I want to report a violation of the Zero Tolerance Policy?,You should contact either your manager or the HR Department to report any violations of the Zero Tolerance Policy.,compliance
What does 'good faith' mean when reporting a violation?,'Good faith' means that you genuinely believe a violation has occurred and are not making a report with malicious intent or for personal gain.,compliance
"If I am unsure whether something is a violation, should I still report it?","Yes, if you are unsure whether an incident is a violation, it is still encouraged to report your concerns to your manager or the HR Department. They will review the situation and determine the appropriate action.",compliance
What happens if someone violates the company's policy?,"If someone violates the company's policy, they may face disciplinary action, which could include immediate termination of employment. Additionally, the company reserves the right to pursue legal action if applicable.",compliance
Can the company fire an employee immediately for policy violations?,"Yes, the company can terminate an employee's employment immediately if they violate the policy, depending on the severity of the violation.",compliance
Is legal action possible if someone breaks company policy?,"Yes, the company reserves the right to take legal action against individuals who violate company policy, if the situation warrants it.",compliance
What types of disciplinary actions can the company take for policy violations?,"The company can take various disciplinary actions for policy violations, ranging from warnings and suspensions to immediate termination of employment. The specific action depends on the nature and severity of the violation.",compliance
"If an employee is terminated for violating policy, can they also face legal consequences?","Yes, if the policy violation also breaks the law or causes significant harm, the company may pursue legal action in addition to terminating the employee.",compliance
Does the company have to give a warning before terminating someone for a policy violation?,"Not necessarily. The company may terminate employment immediately for serious policy violations, without prior warning, as stated in the policy.",compliance
Who decides what disciplinary action is taken when a policy is violated?,"Typically, the company's management or human resources department reviews the situation and determines the appropriate disciplinary action based on the policy and the specifics of the violation.",compliance
What is the purpose of the Zero Tolerance Policy at Hearthstone?,"The purpose of the Zero Tolerance Policy at Hearthstone is to ensure a safe, respectful, and productive work environment for all employees. By strictly prohibiting unacceptable behaviors such as harassment, discrimination, and violence, the policy aims to protect the well-being of everyone in the workplace.",general
What behaviors are typically not tolerated under a Zero Tolerance Policy?,"A Zero Tolerance Policy usually does not tolerate behaviors such as harassment, discrimination, bullying, violence, substance abuse, and any form of misconduct that threatens the safety or respect of individuals in the workplace.",conduct
How does a Zero Tolerance Policy benefit employees?,"A Zero Tolerance Policy benefits employees by creating a secure and respectful work environment. It helps prevent harmful behaviors, ensures that everyone is treated fairly, and promotes a culture of accountability and trust within the organization.",general
What happens if someone violates the Zero Tolerance Policy at Hearthstone?,"If someone violates the Zero Tolerance Policy at Hearthstone, they may face immediate disciplinary action, which could include suspension or termination of employment, depending on the severity of the violation.",compliance
Is the Zero Tolerance Policy at Hearthstone applied to everyone equally?,"Yes, the Zero Tolerance Policy at Hearthstone is applied equally to all employees, regardless of their position or tenure. This ensures fairness and consistency in maintaining a respectful workplace.",general
How can employees report a violation of the Zero Tolerance Policy?,"Employees can report a violation of the Zero Tolerance Policy by contacting their supervisor, the human resources department, or using any official reporting channels established by Hearthstone. All reports are typically handled confidentially and investigated promptly.",compliance
Why is it important for everyone to adhere to the Zero Tolerance Policy?,"It is important for everyone to adhere to the Zero Tolerance Policy to maintain a safe, inclusive, and productive work environment. Consistent adherence helps prevent misconduct, supports employee well-being, and upholds the organization's values and reputation.",conduct
Who is Ms. Rutuja Patil?,Ms. Rutuja Patil is a Software Engineer.,general
What is the professional background of Ms. Priya Deshmukh?,Ms. Priya Deshmukh is an Advocate and a POSH (Prevention of Sexual Harassment) Consultant.,general
What does POSH Consultant mean in the context of Ms. Priya Deshmukh's role?,"A POSH Consultant is a professional who specializes in the Prevention of Sexual Harassment at the workplace. In this context, Ms. Priya Deshmukh provides guidance and support to organizations in implementing POSH policies and ensuring compliance with legal requirements.",general
Is Ms. Priya Deshmukh an internal or external member?,Ms. Priya Deshmukh serves as an external member.,general
What is the likely role of Ms. Rutuja Patil in a committee?,"As a Software Engineer, Ms. Rutuja Patil is likely an internal member of the committee, contributing her technical expertise and representing the organization's staff.",general
Why is it important to have an external member like Ms. Priya Deshmukh on a committee?,"Having an external member such as Ms. Priya Deshmukh ensures impartiality and brings specialized knowledge, especially in legal and compliance matters like POSH, which helps the committee make fair and informed decisions.",general
Can you summarize the roles of Ms. Rutuja Patil and Ms. Priya Deshmukh?,"Ms. Rutuja Patil is a Software Engineer and likely serves as an internal member of a committee, while Ms. Priya Deshmukh is an Advocate and POSH Consultant who acts as an external member, providing legal and compliance expertise.",general
What are the main responsibilities of the PCC under POSH guidelines?,"The main responsibilities of the PCC (Presiding Complaints Committee) under POSH (Prevention of Sexual Harassment) guidelines include: receiving and addressing complaints of sexual harassment, conducting inquiries in a confidential and unbiased manner, recommending appropriate action based on the findings, and creating awareness by conducting training sessions on POSH.",general
How does the PCC ensure confidentiality during an inquiry?,"The PCC ensures confidentiality during an inquiry by restricting information access to only those directly involved in the process, conducting private interviews, and maintaining secure records. They also instruct all parties to refrain from discussing the case outside the inquiry process.",compliance
What actions can the PCC recommend after completing an inquiry?,"After completing an inquiry, the PCC can recommend actions such as disciplinary measures against the accused if found guilty, counseling for the parties involved, changes in workplace policies, or other corrective actions as deemed appropriate based on the findings.",compliance
Why is it important for the PCC to conduct training sessions on POSH?,"It is important for the PCC to conduct training sessions on POSH to raise awareness about sexual harassment, educate employees about their rights and responsibilities, and ensure everyone understands the procedures for reporting and addressing complaints. This helps create a safer and more respectful workplace environment.",general
What steps does the PCC follow when a complaint is received?,"When a complaint is received, the PCC typically follows these steps: acknowledging receipt of the complaint, conducting a preliminary assessment, initiating a formal inquiry, interviewing the complainant, respondent, and witnesses, reviewing evidence, and finally preparing a report with recommendations for action.",compliance
Can the PCC's recommendations be challenged or appealed?,"Yes, the recommendations of the PCC can usually be challenged or appealed. Most organizations have an appellate mechanism in place, allowing either party to appeal the decision to a higher authority or committee within the organization.",compliance
How does the PCC create awareness about POSH among employees?,"The PCC creates awareness about POSH among employees by organizing workshops, seminars, and training sessions. They may also distribute informational materials, display posters, and provide regular updates on policies and procedures related to the prevention of sexual harassment.",conduct
How can someone file a complaint with the PCC regarding an incident?,"An aggrieved person can file a written complaint with the PCC within three months of the incident. Complaints may be submitted via email to posh@kreedalabs.com or in person to any PCC member. Additionally, anonymous complaints are accepted if they include sufficient details.",compliance
Is there a time limit for filing a complaint with the PCC?,"Yes, a complaint must be filed within three months of the incident to be considered by the PCC.",compliance
Can complaints to the PCC be submitted anonymously?,"Yes, anonymous complaints are allowed, provided that they contain sufficient details for the PCC to take action.",compliance
What are the ways to submit a complaint to the PCC?,Complaints can be submitted to the PCC either by sending an email to posh@kreedalabs.com or by submitting the complaint in person to any PCC member.,compliance
What should I do if I want to file a complaint but wish to remain anonymous?,"You can file an anonymous complaint with the PCC, but make sure to provide enough details about the incident so that the committee can investigate and address the issue effectively.",compliance
"If I miss the three-month deadline, can I still file a complaint with the PCC?","Generally, complaints should be filed within three months of the incident. If you miss this deadline, it is advisable to contact the PCC directly to see if any exceptions can be made based on the circumstances.",compliance
Who can I approach in person to file a complaint with the PCC?,You can approach any member of the PCC in person to file your complaint. The committee is responsible for receiving and addressing such complaints.,compliance
Can you explain the steps involved in the PCC's inquiry process for handling complaints?,"Certainly. The PCC's inquiry process for handling complaints involves several steps:
1. The PCC acknowledges receipt of the complaint within 3 working days.
2. A fair and impartial inquiry is initiated, ensuring both parties have an opportunity to be heard.
3. The inquiry is completed within 90 days from the date the complaint was received.
4. After the inquiry, the findings and recommendations are submitted to management for action within 10 days of the inquiry's completion.",compliance
How long does the PCC take to acknowledge a complaint after it is received?,The PCC acknowledges receipt of a complaint within 3 working days after it is received.,compliance
What ensures fairness during the PCC's inquiry process?,Fairness during the PCC's inquiry process is ensured by conducting an impartial investigation and providing both parties involved in the complaint an opportunity to be heard.,compliance
Is there a time limit for the PCC to complete an inquiry into a complaint?,"Yes, the PCC is required to complete the inquiry within 90 days from the date the complaint is received.",compliance
What happens after the PCC completes its inquiry into a complaint?,"After completing the inquiry, the PCC submits its findings and recommendations to the management for further action. This submission must occur within 10 days of completing the inquiry.",compliance
"If I file a complaint, when can I expect to hear back from the PCC?",You can expect to receive an acknowledgment from the PCC within 3 working days after your complaint is filed.,compliance
Can both parties involved in a complaint present their side during the PCC's inquiry?,"Yes, during the PCC's inquiry process, both parties involved in the complaint are given an opportunity to be heard, ensuring a fair and impartial investigation.",compliance
What is Hearthstone' policy on protection against retaliation for complainants and witnesses?,"Hearthstone strictly prohibits any form of retaliation against complainants, witnesses, or members of the Prevention and Complaints Committee (PCC). Any act of victimization is considered a serious violation and will result in disciplinary action.",compliance
"If someone faces retaliation after filing a complaint at Hearthstone, what happens?","If someone experiences retaliation after filing a complaint at Hearthstone, the company treats it as a serious violation of its policies. Disciplinary action will be taken against those responsible for the retaliation.",compliance
Does Hearthstone' anti-retaliation policy also cover PCC members?,"Yes, Hearthstone' anti-retaliation policy explicitly covers not only complainants and witnesses but also members of the Prevention and Complaints Committee (PCC).",compliance
What actions are considered violations under Hearthstone' anti-retaliation policy?,"Any act of victimization or retaliation against complainants, witnesses, or PCC members is considered a violation under Hearthstone' anti-retaliation policy. Such actions are treated seriously and can lead to disciplinary measures.",compliance
What disciplinary actions might Hearthstone take for retaliation?,"Hearthstone may impose disciplinary actions, which can include warnings, suspension, or even termination of employment, depending on the severity of the retaliation.",compliance
Why does Hearthstone have a strict anti-retaliation policy?,Hearthstone enforces a strict anti-retaliation policy to ensure a safe and supportive environment where individuals feel comfortable reporting concerns without fear of victimization. This helps maintain fairness and integrity in the workplace.,compliance
"If I witness retaliation at Hearthstone, what should I do?","If you witness retaliation at Hearthstone, you should report it to the appropriate authority or the Prevention and Complaints Committee (PCC). The company takes such reports seriously and will investigate and address the issue according to its policies.",compliance
What disciplinary actions can be taken if a complaint is substantiated?,"If a complaint is substantiated, possible disciplinary actions include a written warning, suspension, termination, or any other action that management considers appropriate.",compliance
What happens if someone files a false or malicious complaint?,"If someone files a false or malicious complaint, they may also face disciplinary action as determined by management.",compliance
Can you explain what types of disciplinary actions management might consider?,"Management may consider a range of disciplinary actions, such as issuing a written warning, suspending the employee, terminating employment, or taking any other action they find suitable based on the situation.",compliance
Are there consequences for making a complaint in bad faith?,"Yes, making a complaint in bad faith, such as submitting a false or malicious complaint, can result in disciplinary action against the person who made the complaint.",compliance
"If a complaint is found to be true, who decides the disciplinary action?","If a complaint is found to be true, management is responsible for deciding the appropriate disciplinary action.",compliance
Is termination always the result of a substantiated complaint?,"No, termination is not always the result. The disciplinary action depends on the severity of the situation and may range from a written warning to suspension, termination, or another action deemed appropriate by management.",compliance
What is the purpose of having disciplinary actions for false complaints?,"The purpose of having disciplinary actions for false complaints is to discourage individuals from making unfounded or malicious allegations, ensuring that the complaint process remains fair and credible.",compliance
How is confidentiality maintained during the complaint process?,"Confidentiality during the complaint process is maintained by ensuring that all proceedings, records, and the identities of those involved are kept strictly confidential. Only authorized personnel have access to this information, and it is not disclosed to unauthorized individuals.",compliance
What happens if someone breaches confidentiality in the complaint process?,"If any party breaches confidentiality during the complaint process, disciplinary measures will be taken against them. This is to ensure the integrity and trustworthiness of the process.",compliance
Who has access to the records and identities involved in a complaint?,Access to records and identities involved in a complaint is limited to authorized personnel who are directly involved in handling the complaint. This helps maintain strict confidentiality throughout the process.,compliance
Why is confidentiality important in the complaint process?,"Confidentiality is important in the complaint process to protect the privacy of all parties involved, encourage reporting of issues without fear of retaliation, and maintain the integrity of the investigation.",compliance
Can the details of a complaint be shared with anyone outside the process?,"No, the details of a complaint, including proceedings, records, and identities, cannot be shared with anyone outside the authorized personnel involved in the process. This is to ensure strict confidentiality.",compliance
What disciplinary measures might be taken for breaching confidentiality?,"Disciplinary measures for breaching confidentiality can include warnings, suspension, termination of employment, or other actions as deemed appropriate by the organization’s policies.",compliance
Is confidentiality guaranteed for everyone involved in a complaint?,"Yes, confidentiality is guaranteed for everyone involved in the complaint process. All proceedings, records, and identities are kept strictly confidential to protect all parties.",compliance
What is Hearthstone' approach to POSH awareness and training for employees and stakeholders?,"Hearthstone conducts regular POSH (Prevention of Sexual Harassment) awareness and training programs for all employees and stakeholders. These initiatives are designed to educate everyone about the policies, procedures, and best practices related to preventing sexual harassment in the workplace.",conduct
How often does Hearthstone provide POSH training to its employees?,Hearthstone provides POSH awareness and training programs on a regular basis to ensure that all employees and stakeholders remain informed and compliant with the latest guidelines and best practices.,conduct
Who participates in the POSH awareness and training programs at Hearthstone?,All employees and stakeholders at Hearthstone are required to participate in the POSH awareness and training programs. This inclusive approach helps foster a safe and respectful workplace environment.,conduct
Why does Hearthstone conduct regular POSH awareness and training sessions?,Hearthstone conducts regular POSH awareness and training sessions to ensure that everyone is aware of the policies and procedures related to the prevention of sexual harassment. This proactive approach helps create a safe and respectful workplace for all.,conduct
What topics are covered in Hearthstone' POSH training programs?,"Hearthstone' POSH training programs typically cover topics such as understanding what constitutes sexual harassment, reporting mechanisms, the roles and responsibilities of employees and management, and the procedures for addressing complaints.",conduct
Are stakeholders outside of Hearthstone' employees included in POSH training?,"Yes, Hearthstone includes both employees and external stakeholders in its POSH awareness and training programs to ensure comprehensive understanding and compliance across all associated parties.",conduct
How does regular POSH training benefit Hearthstone?,"Regular POSH training benefits Hearthstone by promoting a culture of respect and safety, reducing the risk of incidents, ensuring legal compliance, and enhancing overall workplace morale and trust.",conduct
What does it mean when a policy states it will be reviewed annually and may be amended as required to ensure compliance with applicable laws and best practices?,"When a policy states it will be reviewed annually and may be amended as required, it means that the organization will formally examine the policy once every year to ensure it remains up-to-date. If there are changes in laws, regulations, or industry best practices, the policy may be updated or modified to maintain compliance and effectiveness.",general
Why is it important for policies to be reviewed and amended regularly?,"Regular review and amendment of policies are important to ensure that the organization remains compliant with current laws and regulations. It also helps the organization adapt to changes in industry standards and best practices, reducing risks and improving operational effectiveness.",general
Who is usually responsible for reviewing and amending organizational policies?,"Typically, the responsibility for reviewing and amending organizational policies falls to senior management, compliance officers, or a designated policy review committee. They ensure that policies are current and aligned with legal and regulatory requirements.",general
What happens if a policy is not reviewed and amended as required?,"If a policy is not reviewed and amended as required, the organization risks non-compliance with laws and regulations, which can lead to legal penalties, reputational damage, and operational inefficiencies. Outdated policies may also fail to address current risks or industry standards.",general
How does the review process for a policy typically work?,"The review process for a policy usually involves evaluating the current policy, consulting relevant stakeholders, assessing changes in laws or best practices, and identifying areas for improvement. After the review, proposed amendments are drafted, reviewed by management or legal counsel, and then approved and communicated to staff.",general
Can you give an example of a situation where a policy might need to be amended?,"An example would be if new data protection laws are introduced, such as the General Data Protection Regulation (GDPR) in the European Union. An organization would need to amend its privacy policy to ensure compliance with the new legal requirements.",general
"Is it enough to just review a policy annually, or should amendments be made more frequently if needed?","While annual reviews are a good standard practice, amendments should be made as soon as necessary, especially if there are significant changes in laws, regulations, or organizational needs. Waiting for the annual review could leave the organization exposed to risks or non-compliance in the interim.",general
What does PCC stand for in the context of company policies?,"In the context of company policies, PCC stands for Policy Compliance Committee. This committee is responsible for ensuring that policies are understood and followed within the organization.",general
Is it better to contact HR or the PCC for policy clarifications?,"Both the HR department and the PCC are equipped to handle policy-related queries. You may contact either, but HR is typically the first point of contact for general questions, while the PCC may handle more complex or compliance-specific issues.",general
How can I reach the HR department for policy questions?,"You can reach the HR department for policy questions via email, phone, or by visiting their office during working hours. The specific contact details are usually provided in the company directory or internal portal.",general
What kind of issues should be directed to the PCC instead of HR?,"Issues that involve policy compliance, ethical concerns, or potential violations should be directed to the PCC. Routine questions about policy interpretation or application can typically be handled by HR.",general
"If I am unsure whether to contact HR or PCC, what should I do?","If you are unsure whether to contact HR or the PCC, you can start by reaching out to HR. They can guide you to the appropriate department or escalate your query to the PCC if necessary.",general
Are there any other resources for policy clarifications besides HR and PCC?,"In addition to HR and the PCC, you may find policy clarifications in the company's internal documentation, employee handbook, or intranet portal. However, for specific or complex queries, direct contact with HR or the PCC is recommended.",general
What does the confidentiality policy require employees to do?,"The confidentiality policy requires employees to maintain the confidentiality of all proprietary, sensitive, or personal information obtained during their employment. This includes business strategies, financial data, client information, and employee records. Employees are prohibited from disclosing such information to unauthorized individuals, whether inside or outside the company, unless required by law or with prior written approval from management.",conduct
Can employees share confidential information with anyone inside the company?,"Employees may only share confidential information with authorized individuals within the company. Disclosure to unauthorized individuals, even inside the company, is strictly prohibited unless there is prior written approval from management or it is required by law.",conduct
What types of information are considered confidential under this policy?,"Under this policy, confidential information includes business strategies, financial data, client information, employee records, and any other proprietary, sensitive, or personal information obtained during employment.",conduct
Are there any exceptions to the confidentiality rule?,"Yes, exceptions to the confidentiality rule include situations where disclosure is required by law or when there is prior written approval from management.",conduct
What should an employee do if they are unsure whether information is confidential?,"If an employee is unsure whether certain information is confidential, they should treat it as confidential and seek guidance from management or the appropriate department before sharing it with anyone.",conduct
What are the consequences of violating the confidentiality policy?,"Violating the confidentiality policy can result in disciplinary action, which may include termination of employment, legal action, or other consequences as determined by company policy and applicable laws.",compliance
"If an employee needs to disclose confidential information for legal reasons, what should they do?","If an employee is required by law to disclose confidential information, they should inform management as soon as possible and follow the company's procedures for legal disclosures to ensure compliance and proper handling of the information.",conduct
What does the company policy say about the use of company assets?,"The company policy states that all company assets, such as physical property, intellectual property, and electronic resources, must be used responsibly and solely for legitimate business purposes. Employees are not allowed to use these assets for personal gain or for any unauthorized activities. Any misuse or theft of company property can lead to disciplinary action, including termination and possible legal consequences.",general
Can I use company computers for personal projects after work hours?,"No, company computers and other assets should only be used for legitimate business purposes. Using them for personal projects, even after work hours, is considered unauthorized and is prohibited by company policy.",conduct
What are the consequences if someone misuses company property?,"If someone misuses company property, they may face disciplinary action. This can include termination of employment and, in some cases, legal action, depending on the severity of the misuse or theft.",compliance
Does the policy cover both physical and intellectual property?,"Yes, the policy covers both physical property, such as equipment and office supplies, and intellectual property, such as patents, trademarks, and proprietary information. All these assets must be used responsibly and only for authorized business purposes.",general
Are there any exceptions to using company assets for personal reasons?,"Generally, company policy prohibits the use of company assets for personal reasons. Exceptions may only be made if explicit authorization is given by management. Without such authorization, personal use is not allowed.",conduct
What should I do if I notice someone stealing company property?,"If you observe someone stealing company property, you should report the incident to your supervisor, manager, or the human resources department immediately. The company takes such matters seriously and will investigate any reports of theft or misuse.",compliance
Why is it important to use company assets only for business purposes?,"Using company assets only for business purposes helps protect the company's resources, ensures compliance with legal and ethical standards, and maintains trust within the organization. It also helps prevent loss, misuse, and potential legal issues that could arise from unauthorized use.",general
What does it mean when a company says employees must comply with laws and regulations?,"When a company states that employees must comply with laws and regulations, it means that all staff are required to follow all relevant local, state, and federal laws, as well as any industry-specific regulations and internal company policies. This includes behaving ethically and legally both at work and in situations outside of work that could affect the company's reputation or operations.",general
Are employees responsible for following company policies even outside of work?,"Yes, employees are expected to follow company policies at all times, including outside of work, especially if their actions could negatively impact the company's reputation or business operations. Unethical or illegal conduct off company premises can still be subject to disciplinary action.",conduct
What happens if an employee engages in illegal or unethical conduct?,"If an employee engages in illegal or unethical conduct, whether on or off company premises, the company may take disciplinary action. This could include warnings, suspension, or even termination of employment, depending on the severity of the conduct and its impact on the company.",compliance
Why is it important for employees to comply with laws and regulations?,"It is important for employees to comply with laws and regulations to ensure the company operates legally and ethically. Compliance helps protect the company from legal penalties, maintains its reputation, and fosters a safe and fair workplace for everyone.",general
Can you give examples of actions that might violate this compliance policy?,"Examples of actions that might violate a compliance policy include theft, fraud, harassment, insider trading, falsifying records, or any other illegal or unethical behavior. Even actions outside of work, such as being involved in criminal activity, can violate the policy if they negatively affect the company.",compliance
"If I see a coworker breaking the law at work, what should I do?","If you witness a coworker breaking the law at work, you should report the incident to your supervisor, manager, or the company's human resources department. Many companies also have anonymous reporting systems or hotlines for such situations. Reporting helps protect the company and ensures a safe and ethical workplace.",compliance
Does this compliance policy apply to remote employees as well?,"Yes, the compliance policy applies to all employees, including those working remotely. Remote employees are still expected to follow all applicable laws, regulations, and company policies, regardless of their work location.",general
What should employees do if they notice a violation of the company's Code of Conduct?,"Employees who become aware of any violations of the Code of Conduct are required to report them promptly. They can report such violations to their supervisor, the Human Resources department, or through the company’s designated reporting channels.",compliance
Are reports of Code of Conduct violations kept confidential?,"Yes, all reports of Code of Conduct violations are investigated thoroughly and confidentially to protect the privacy of those involved.",compliance
Who can employees contact to report a violation of the Code of Conduct?,"Employees can report violations to their supervisor, the Human Resources department, or use the company’s designated reporting channels.",compliance
What happens after a Code of Conduct violation is reported?,"After a violation is reported, the company will conduct a thorough and confidential investigation to address the issue appropriately.",compliance
Is it mandatory for employees to report violations of the Code of Conduct?,"Yes, employees are required to report any violations of the Code of Conduct as soon as they become aware of them.",compliance
What are the company's designated reporting channels for Code of Conduct violations?,"Designated reporting channels may include a hotline, an online reporting system, or a specific email address provided by the company for reporting Code of Conduct violations.",compliance
Will employees face retaliation for reporting a Code of Conduct violation?,"No, employees should not face retaliation for reporting a Code of Conduct violation in good faith. The company is committed to protecting individuals who report concerns.",compliance
What happens if someone violates the company's Code of Conduct?,"Violations of the company's Code of Conduct can result in disciplinary action. This may include measures such as termination of employment, legal action, or reporting the incident to appropriate authorities. The company will determine the appropriate level of discipline based on the severity and circumstances of the violation.",compliance
Can the company fire someone for breaking the Code of Conduct?,"Yes, the company can terminate an employee's employment if they are found to have violated the Code of Conduct, depending on the seriousness and context of the violation.",compliance
Are all violations of the Code of Conduct treated the same way?,"No, not all violations are treated the same. The company reserves the right to determine the appropriate level of discipline based on the severity and circumstances of each violation.",compliance
Could legal action be taken against an employee for violating the Code of Conduct?,"Yes, if a violation of the Code of Conduct involves illegal activity or serious misconduct, the company may pursue legal action against the employee in addition to internal disciplinary measures.",compliance
Who decides what disciplinary action is appropriate for a Code of Conduct violation?,"The company has the authority to determine the appropriate disciplinary action for a Code of Conduct violation, taking into account the severity and specific circumstances of the incident.",compliance
"If someone breaks the Code of Conduct, could the authorities be notified?","Yes, if a violation of the Code of Conduct involves criminal activity or other serious matters, the company may report the incident to the appropriate authorities.",compliance
What factors does the company consider when deciding on disciplinary action for a Code of Conduct violation?,"When deciding on disciplinary action for a Code of Conduct violation, the company considers factors such as the severity of the violation, the circumstances surrounding the incident, and any previous history of misconduct.",compliance
What is the purpose of the Code of Conduct at Hearthstone?,"The purpose of the Code of Conduct at Hearthstone is to help ensure a safe, ethical, and productive work environment for all employees. By following these guidelines, employees contribute to a positive workplace culture and uphold the company's values.",general
How does following the Code of Conduct benefit employees at Hearthstone?,"Following the Code of Conduct benefits employees at Hearthstone by promoting safety, ethical behavior, and productivity. It helps prevent conflicts, fosters mutual respect, and creates a supportive environment where everyone can thrive.",general
What might happen if employees do not adhere to the Code of Conduct at Hearthstone?,"If employees do not adhere to the Code of Conduct at Hearthstone, it can lead to a less safe and less ethical workplace. This may result in disciplinary action, decreased morale, and a negative impact on the company's reputation and productivity.",compliance
Can you give examples of behaviors that the Code of Conduct at Hearthstone encourages?,"The Code of Conduct at Hearthstone encourages behaviors such as treating colleagues with respect, maintaining honesty and integrity, following safety protocols, and reporting unethical conduct. These actions help create a positive and productive work environment.",conduct
"Is the Code of Conduct at Hearthstone only for employees, or does it apply to others as well?","While the primary audience for the Code of Conduct at Hearthstone is employees, it may also apply to contractors, interns, and anyone representing the company. This ensures that everyone associated with Hearthstone upholds the same standards of behavior.",general
How often should employees review the Code of Conduct at Hearthstone?,"Employees at Hearthstone should review the Code of Conduct regularly, such as during onboarding, annual training sessions, or whenever updates are made. Regular review helps ensure everyone remains aware of the expected standards of behavior.",general
What should an employee do if they witness a violation of the Code of Conduct at Hearthstone?,"If an employee witnesses a violation of the Code of Conduct at Hearthstone, they should report it to their supervisor, human resources, or through any official reporting channels provided by the company. Prompt reporting helps address issues quickly and maintains a safe and ethical workplace.",compliance
